amino_acids,central_carbon,aromatics,proteomics
1.0,0.9455555104165776,0.33313554424968506,0.9848005508963554
0.9455555104165776,0.9999999999999998,0.30962823144758844,0.9584988556073787
0.3331355442496851,0.30962823144758844,0.9999999999999999,0.46367975986621357
0.9848005508963554,0.9584988556073788,0.4636797598662136,0.9999999999999999
