amino_acids,central_carbon,aromatics,proteomics
0.9999999999999998,-0.9613951423874421,-0.85517024045415,0.9697446599476727
-0.9613951423874422,1.0,0.7827900497773925,-0.9870032122324283
-0.8551702404541501,0.7827900497773925,1.0,-0.8317948079249767
0.9697446599476727,-0.9870032122324283,-0.8317948079249767,1.0
