amino_acids,central_carbon,aromatics,proteomics
1.0,0.9966621963462526,0.9036381355520402,0.9963542309779972
0.9966621963462527,1.0,0.9216186071822038,0.9977604775639203
0.9036381355520402,0.9216186071822037,1.0,0.9253875574322924
0.9963542309779972,0.9977604775639203,0.9253875574322923,1.0
