amino_acids,central_carbon,aromatics,proteomics
0.9999999999999998,-0.9613951423874421,0.5601694390047556,0.9684777077993477
-0.9613951423874422,1.0,-0.49098271772551644,-0.9801803608899106
0.5601694390047556,-0.49098271772551644,1.0,0.5724311570722799
0.9684777077993478,-0.9801803608899106,0.57243115707228,1.0
