PC,Variance_Explained,Cumulative_Variance
PC1,39.70808969696959,39.70808969696959
PC2,20.222514552099806,59.93060424906939
PC3,10.966047586496407,70.89665183556579
PC4,10.213752832890027,81.11040466845581
PC5,6.81758086620509,87.9279855346609
