PC,Variance_Explained,Cumulative_Variance
PC1,39.70808969696956,39.70808969696956
PC2,20.222514552099824,59.93060424906938
PC3,10.966047586496419,70.8966518355658
PC4,10.213752832890016,81.11040466845583
PC5,6.817580866205093,87.92798553466092
