PC,Variance_Explained,Cumulative_Variance
PC1,39.70808969696956,39.70808969696956
PC2,20.222514552099803,59.93060424906936
PC3,10.966047586496419,70.89665183556578
PC4,10.213752832890039,81.11040466845581
PC5,6.817580866205093,87.9279855346609
