PC,Variance_Explained,Cumulative_Variance
PC1,39.70808969696959,39.70808969696959
PC2,20.222514552099817,59.930604249069404
PC3,10.966047586496419,70.89665183556582
PC4,10.213752832890016,81.11040466845583
PC5,6.8175808662050805,87.9279855346609
