PC,Variance_Explained,Cumulative_Variance
PC1,39.70808969696954,39.70808969696954
PC2,20.222514552099806,59.93060424906935
PC3,10.966047586496416,70.89665183556576
PC4,10.213752832890021,81.11040466845579
PC5,6.817580866205096,87.92798553466088
