PC,Variance_Explained,Cumulative_Variance
PC1,36.054937403605564,36.054937403605564
PC2,16.440353724404414,52.49529112800998
PC3,12.272045269683087,64.76733639769307
PC4,11.86697671611886,76.63431311381193
PC5,8.5383497232541,85.17266283706603
