Feature,VIP,Important
A0A804J0F0,3.623583792017402,True
A0A804JSQ2,3.560405775879382,True
A0A4S8ID85;A0A4S8ID85,3.424717619429854,True
A0A4S8ITV2;A0A4S8ITV2,3.165941019958007,True
A0A4S8KI46;A0A4S8KI46;A0A804IZ24,3.164281207582165,True
A0A4S8K9R5;A0A4S8K9R5;A0A804IL80,3.0794697725887072,True
A0A804L344,2.869740898839811,True
A0A4S8J2V0;A0A4S8J2V0;A0A804L664,2.7484106233297942,True
A0A4V4H2Z4;A0A4V4H2Z4,2.6830786714956423,True
A0A804J494,2.672074537623205,True
A0A4S8JSB7;A0A4S8JSB7;A0A804HWW4,2.6509615805675995,True
A0A804JVW0,2.6429440943187017,True
A0A4S8IFS8;A0A4S8IFS8;A0A4S8JVV8;A0A4S8JVV8;A0A804J0P1;A0A804KIT4,2.60285621949281,True
A0A4S8KHV3;A0A4S8KHV3,2.602411263649707,True
A0A804I0B5,2.596282555748956,True
A0A4S8JJ79;A0A4S8JJ79;A0A804JTL2;A0A804JTL3,2.5816898243542146,True
A0A804IQW1,2.568631299586903,True
A0A4S8J5V9;A0A4S8J5V9,2.551438980529767,True
A0A804IFR1;A0A804IFR3,2.526957680942572,True
A0A804IBQ9;A0A804IBR0,2.5166434933961246,True
A0A4S8JP55;A0A4S8JP55,2.4721873301681647,True
A0A804KNN7,2.4668775810138075,True
A0A804JK33;A0A804JK34,2.461926939523711,True
A0A804KEE6,2.4617487118016177,True
A0A804KSR2,2.4571991273391083,True
A0A804JTD6,2.4364753765801455,True
A0A4S8KAS1;A0A4S8KAS1;A0A804IMX6,2.4353029914007096,True
A0A804IXK2,2.433376992542905,True
A0A804JU20,2.4256185385021394,True
A0A804KCN3,2.4011818123296385,True
A0A804KSF5,2.3966371548388605,True
A0A4S8J1S9;A0A4S8J1S9,2.3923402980364443,True
A0A804K5U8,2.3907934476262547,True
A0A4S8IMQ4;A0A4S8IMQ4;A0A804JEY8,2.390785392974581,True
A0A804KRD2,2.381574621346797,True
A0A804IGQ5,2.3784704285526064,True
A0A804JZ85,2.367121172121908,True
A0A4S8JWM7;A0A4S8JWM7;A0A804J4X5;A0A804J4X6;A0A804J4X7;A0A804J4X8,2.3647096651357455,True
A0A4V4H2Z1;A0A4V4H2Z1;A0A804KFA7,2.3624475810582712,True
A0A804JAB4,2.3575553948561923,True
A0A804L3R7,2.3561502120430897,True
A0A4S8J612;A0A4S8J612;A0A804LB39,2.339300284497826,True
A0A4S8IT56;A0A4S8IT56;A0A804JPJ5,2.3194784600211356,True
A0A804I5S9,2.3152081380072835,True
A0A804KZ22,2.3140110409041093,True
A0A4S8JM92;A0A4S8JM92;A0A804HPY3,2.3077548699177446,True
A0A804KY21,2.3042462359284293,True
A0A804HYB6,2.3017030403922427,True
A0A4S8J608;A0A4S8J608;A0A4V4H963;A0A4V4H963;A0A804KAC8;A0A804L9H6,2.289012970392314,True
A0A804KG28,2.288988944371364,True
A0A804JSH2,2.2809043753015823,True
A0A804JC56,2.279503955878099,True
A0A4S8IVB3;A0A4S8IVB3,2.278189426540945,True
A0A4S8J9Z7;A0A4S8J9Z7;A0A804IBP8,2.2762327080905482,True
A0A4S8K7A7;A0A4S8K7A7,2.268537541403738,True
A0A804ICU3,2.258978030185741,True
A0A804J9L2;A0A804J9L3,2.2582266404078615,True
A0A4S8JQZ6;A0A4S8JQZ6,2.254609782831454,True
A0A4S8JW32;A0A4S8JW32;A0A804J0D4,2.239086621476217,True
A0A4S8JUC7;A0A4S8JUC7;A0A804J2Z6,2.2078407851123365,True
A0A4S8IWQ3;A0A4S8IWQ3;A0A804L1E2,2.2077992301673683,True
A0A4S8KAR8;A0A4S8KAR8;A0A804IMY4,2.2048010129300257,True
A0A4S8J089;A0A4S8J089,2.1925443302611782,True
A0A804KUX8,2.191708632147286,True
A0A804JIF3,2.1916903128675598,True
A0A804HTP6,2.1889231707958334,True
A0A804HVM3,2.177005359504034,True
A0A804HV77,2.173673174758429,True
A0A4S8I428;A0A4S8I428,2.169868083428047,True
A0A4S8IDU2;A0A4S8IDU2;A0A804KFS0,2.169482426628858,True
A0A804IFV9;A0A804IFW0,2.1669919261599166,True
A0A804KRZ3,2.1584834339745993,True
A0A804KFQ9,2.157745625302413,True
A0A4S8IK42;A0A4S8IK42;A0A804JBZ6,2.1544985969209227,True
A0A4S8J6U2;A0A4S8J6U2;A0A804I7F2,2.153095857924009,True
A0A4S8KDC0;A0A4S8KDC0;A0A804IRB5,2.1377868709472105,True
A0A804K6U0,2.0995833706997864,True
A0A4S8IUB7;A0A4S8IUB7,2.0983095752679324,True
A0A4S8IKP5;A0A4S8IKP5;A0A804JCU2,2.079753968838356,True
A0A804L1Z8,2.0704325484825272,True
A0A4S8I2V5;A0A4S8I2V5;A0A4S8I3L8;A0A4S8I3L8,2.056493700863448,True
A0A4S8JP64;A0A4S8JP64;A0A804HQ50,2.043248202868651,True
A0A804IQP1,2.0430776367065433,True
A0A804JSZ9,2.03982290814033,True
A0A804I708,2.032163479063745,True
A0A4S8JXQ7;A0A4S8JXQ7;A0A804J6Z8,2.0296217432033896,True
A0A804IPY3,2.0286455366970864,True
A0A4S8ICT5;A0A4S8ICT5;A0A4S8IM66;A0A4S8IM66;A0A4S8JLJ3;A0A4S8JLJ3;A0A804I6B0;A0A804IEZ6;A0A804JFA1;A0A804JFA2,2.023891239659046,True
A0A804JHL3,2.020055796507799,True
A0A804JLU2,2.008128128652963,True
A0A804K996,2.007902335045018,True
A0A4S8KGC9;A0A4S8KGC9,2.0064420039355695,True
A0A804IGU3,2.001021869450227,True
A0A804IR36,1.9979391657072432,True
A0A804IXG9,1.9975194184493024,True
A0A804KJY4,1.9904926098987008,True
A0A4S8I9S0;A0A4S8I9S0;A0A804I182;A0A804I183,1.9891741995438506,True
A0A804KAD8,1.9857638252471463,True
A0A4S8IQ04;A0A4S8IQ04;A0A4S8IWR3;A0A4S8IWR3;A0A804JFT3;A0A804KX98,1.9855156126613336,True
A0A4S8JDD4;A0A4S8JDD4;A0A4S8K819;A0A4S8K819;A0A804JZG7;A0A804KDG2,1.9845616118111542,True
A0A4S8IRM1;A0A4S8IRM1;A0A804JLZ7;A0A804JLZ8,1.9836947130411158,True
A0A4S8JII3;A0A4S8JII3;A0A804JQQ5,1.977234072887319,True
A0A804HZH0,1.9767354018771877,True
A0A4S8ID65;A0A4S8ID65,1.975758882276214,True
A0A4S8JQW5;A0A4S8JQW5;A0A804HV04,1.971712520518343,True
A0A4S8JJX1;A0A4S8JJX1;A0A4S8JQH7;A0A4S8JQH7;A0A804HTB8;A0A804HTC4;A0A804IHP0,1.9709300973282908,True
A0A804HPR1,1.9684592692141067,True
A0A4S8J2N8;A0A4S8J2N8;A0A4S8K5B2;A0A4S8K5B2;A0A804K963;A0A804KRS1,1.9674292319017224,True
A0A4S8K3E2;A0A4S8K3E2;A0A804K628,1.966827706644297,True
A0A4S8IAQ5;A0A4S8IAQ5;A0A804I388,1.9663730639559553,True
A0A804I5N9,1.9659597560800663,True
A0A804I9M7,1.9640942293844197,True
A0A4S8J1Q4;A0A4S8J1Q4,1.9587055535338826,True
A0A804JDN9,1.9482140423768717,True
A0A804K213,1.942203818087041,True
A0A4S8IU00;A0A4S8IU00;A0A804L1U0,1.9416811611418567,True
A0A804HXK3,1.9396284366470375,True
A0A804J6S4,1.9391742581919444,True
A0A4S8IX77;A0A4S8IX77;A0A804KYL5,1.9383084052151665,True
A0A4S8J6J6;A0A4S8J6J6,1.9372730506296036,True
A0A804LA91,1.9342396402575337,True
A0A4S8K7U4;A0A4S8K7U4,1.9330095382456927,True
A0A4S8K0E7;A0A4S8K0E7,1.9329523118624732,True
A0A4S8K3U0;A0A4S8K3U0,1.928321437357061,True
A0A4S8IUA1;A0A4S8IUA1;A0A804JMG3,1.9242342752041839,True
A0A804HZ72,1.923032531157244,True
A0A4S8KF48;A0A4S8KF48;A0A804IU73;A0A804IU74,1.9221812727195815,True
A0A804KEG0,1.9207844389167321,True
A0A804LAL5,1.9197439218153909,True
A0A804JS46,1.9170675529496728,True
A0A4S8IDV0;A0A4S8IDV0;A0A804KFT2,1.9130407866894068,True
A0A804JPU2,1.9111140981641217,True
A0A4S8KFF7;A0A4S8KFF7;A0A4S8KG83;A0A4S8KG83;A0A804IUS1;A0A804IV82,1.9090010744581478,True
A0A804HU53,1.8961653250060977,True
A0A4V4H5I6;A0A4V4H5I6,1.8916704356250855,True
A0A4V4H679;A0A4V4H679,1.890100239976992,True
A0A4S8J8S6;A0A4S8J8S6,1.8898910628844492,True
A0A804JK94,1.887930429077313,True
A0A4S8J3E8;A0A4S8J3E8;A0A804L733,1.887705306619866,True
A0A804IHT3,1.8859339519869576,True
A0A804J3S2,1.883587496165144,True
A0A4S8IF95;A0A4S8IF95,1.879706457552883,True
A0A4S8IKM5;A0A4S8IKM5;A0A4S8JFK3;A0A4S8JFK3;A0A4V4H9M5;A0A4V4H9M5;A0A804IMW5;A0A804JCX3;A0A804JY40,1.8796328202972965,True
A0A804K9X9,1.8792244183762905,True
A0A4S8K893;A0A4S8K893;A0A804IJ76;A0A804IJ77;A0A804KDM8;A0A804KDM9,1.8771172919783712,True
A0A4S8J1Q7;A0A4S8J1Q7,1.8767198486459284,True
A0A804KH29,1.875043569059125,True
A0A4S8JR00;A0A4S8JR00;A0A804HV68,1.872701097516333,True
A0A4S8JCI3;A0A4S8JCI3;A0A4S8JYS1;A0A4S8JYS1;A0A804IEI4;A0A804K7Y3,1.8717458522769406,True
A0A4S8JU48;A0A4S8JU48;A0A804J389,1.87025651891638,True
A0A4S8K654;A0A4S8K654;A0A804KAB7;A0A804KRY4,1.8696964738714243,True
A0A804I5D5,1.868789009850252,True
A0A804IAV5,1.867579224675479,True
A0A4S8J5K5;A0A4S8J5K5,1.8662791268552332,True
A0A4S8ISL1;A0A4S8ISL1,1.8658992492887554,True
A0A4S8KAD5;A0A4S8KAD5;A0A4S8KC25;A0A4S8KC25;A0A804IMB5;A0A804IMB9;A0A804IPY9;A0A804IPZ0,1.8640846706619432,True
A0A4S8K1Q5;A0A4S8K1Q5;A0A804K3P6,1.8585066348285986,True
A0A804I4A5,1.8569897303463276,True
A0A804K465,1.8561861688705,True
A0A804KR59,1.8546280281384349,True
A0A804JMI9,1.851000541818609,True
A0A4S8IAL0;A0A4S8IAL0;A0A4S8JT79;A0A4S8JT79;A0A4S8KHL0;A0A4S8KHL0;A0A804I2W2;A0A804IYA9;A0A804J032,1.8505890793754871,True
A0A804JK35,1.8494870560643766,True
A0A4S8KA97;A0A4S8KA97;A0A804IM08,1.8494861754748804,True
A0A804IBS5,1.847884920782494,True
A0A804KFR0,1.8467916000771962,True
A0A4S8JIE6;A0A4S8JIE6,1.8411646435425768,True
A0A804K7Z2,1.8402746671259758,True
A0A4S8JG54;A0A4S8JG54;A0A804JUJ7,1.838436301939268,True
A0A4S8J1W5;A0A4S8J1W5;A0A804KRJ5;A0A804KRJ6;A0A804KRJ8,1.8377034946600674,True
A0A4S8JNP3;A0A4S8JNP3;A0A804HQH6,1.8365111300482087,True
A0A804IV94,1.8340194621958041,True
A0A4S8I5W1;A0A4S8I5W1;A0A4S8J6R6;A0A4S8J6R6;A0A4S8JTD9;A0A4S8JTD9;A0A4V4H5S3;A0A4V4H5S3;A0A804I752;A0A804J4G9,1.831883208075119,True
A0A804IBC8,1.8318628847166578,True
A0A804KBP1,1.8308629994341319,True
A0A804JSJ1,1.8302538761229854,True
A0A804KG86,1.8278098963015397,True
A0A804HYV8,1.8259494024297909,True
A0A804IWQ8,1.8252402469147182,True
A0A804IJR1,1.8249156892882066,True
A0A4S8K7K9;A0A4S8K7K9;A0A804KCH3,1.8249040717488358,True
A0A804KEW2,1.8244558744398929,True
A0A4S8J4T8;A0A4S8J4T8;A0A804L962,1.823583442475036,True
A0A4S8IQ32;A0A4S8IQ32;A0A804JJB8;A0A804JJB9;A0A804JJC0,1.8219807872679001,True
A0A804K5T2,1.821550263888534,True
A0A804JNA4;A0A804JNA5,1.8208204731742297,True
A0A804IAY2,1.8200989529850777,True
A0A804KWM9;A0A804KWN1,1.818265742205511,True
A0A4S8KD52;A0A4S8KD52;A0A804IR27,1.81796245015059,True
A0A4S8J8M9;A0A4S8J8M9;A0A804I8I4,1.8125612777955513,True
A0A804HTP5,1.8095820389634227,True
A0A4S8JHU6;A0A4S8JHU6,1.8077476013528946,True
A0A4S8J4R8;A0A4S8J4R8;A0A804L940,1.8051479968078092,True
A0A4V4H369;A0A4V4H369;A0A804KIT9;A0A804KIU0,1.8017213809854573,True
A0A4S8JNK8;A0A4S8JNK8;A0A804HQZ6;A0A804HQZ7,1.8014101755134284,True
A0A804I9X0,1.8012571742103232,True
A0A804I143,1.8009332472457047,True
A0A804J6S6,1.8008419621314011,True
A0A4S8JC15;A0A4S8JC15;A0A804IKP4;A0A804K140,1.7985649695639314,True
A0A4S8IYP5;A0A4S8IYP5;A0A804KVG7,1.79817244941963,True
A0A804HVG5,1.7975591896084906,True
A0A4V4H670;A0A4V4H670;A0A804HR65;A0A804ID66;A0A804KBX4,1.7964322109906932,True
A0A4S8J9E7;A0A4S8J9E7;A0A4V4H378;A0A4V4H378;A0A4V4H5W4;A0A4V4H5W4;A0A804I8Q1;A0A804I8Q3;A0A804KJ80,1.796265150213485,True
A0A804KVS9,1.7959790912326552,True
A0A804JA61,1.7955482354115846,True
A0A4S8K5X4;A0A4S8K5X4;A0A804KA19,1.792269720518862,True
A0A4S8K1J9;A0A4S8K1J9,1.789947913541122,True
A0A4S8JYQ9;A0A4S8JYQ9;A0A804J8J2,1.788087938457624,True
A0A804KVU4,1.7871338610576137,True
A0A4S8JT18;A0A4S8JT18;A0A4S8K1F1;A0A4S8K1F1;A0A804IZV0;A0A804K314,1.785817982003404,True
A0A4S8IJB6;A0A4S8IJB6;A0A804KQM0,1.784995301325757,True
A0A4S8JAC5;A0A4S8JAC5,1.7833976436154215,True
A0A4S8K4H8;A0A4S8K4H8,1.782833848159837,True
A0A4S8J8R9;A0A4S8J8R9;A0A804IA76,1.7820888866485267,True
A0A804KUT9,1.7820873580118106,True
A0A804JNR8,1.7816062132558945,True
A0A4S8J767;A0A4S8J767;A0A804I7K4,1.781195385268171,True
A0A804KU89,1.7803787077585624,True
A0A4S8IWB9;A0A4S8IWB9;A0A4S8JFP8;A0A4S8JFP8;A0A804JV77;A0A804L042,1.777525999882167,True
A0A4S8IW60;A0A4S8IW60;A0A804KY30;A0A804KY31,1.7748085915795884,True
A0A4S8JDZ6;A0A4S8JDZ6,1.7746135800456238,True
A0A804IDU8;A0A804IDU9,1.7737149959256475,True
A0A804I1J0,1.7715501262637492,True
A0A804JS29,1.7713958511167336,True
A0A4S8IRK9;A0A4S8IRK9,1.7704850383694886,True
A0A4S8JHR8;A0A4S8JHR8;A0A804JSD4,1.7691345837002665,True
A0A4S8JFV1;A0A4S8JFV1,1.7690583328383571,True
A0A4S8K687;A0A4S8K687;A0A804KAF9;A0A804KAG0,1.7684179214456826,True
A0A4S8JT88;A0A4S8JT88;A0A804J047;A0A804J048;A0A804J049;A0A804J050;A0A804J051,1.7679322593153568,True
A0A804KNN6,1.7679239270651388,True
A0A4S8JVN9;A0A4S8JVN9;A0A804J120,1.7659372603685195,True
A0A804J6H8,1.7652661208574878,True
A0A4S8JGF5;A0A4S8JGF5;A0A4S8JQV9;A0A4S8JQV9;A0A804HV01;A0A804JWX4,1.7616451398844546,True
A0A804IZU8,1.7587677394442294,True
A0A804KRG7,1.755513832766232,True
A0A4S8J6J1;A0A4S8J6J1;A0A804L9A2,1.7547427771744906,True
A0A804IR20,1.7538645274633096,True
A0A804I629,1.753130463668937,True
A0A4S8IUT2;A0A4S8IUT2;A0A804JN89;A0A804JN90;A0A804JN91,1.7530618234199422,True
A0A804J1H9,1.7500149290313942,True
A0A804JFX0,1.7457953153875738,True
A0A4S8IG07;A0A4S8IG07;A0A804KJ47,1.7456891651977566,True
A0A804JXC3,1.745275744863822,True
A0A4S8IKH1;A0A4S8IKH1;A0A804KQA7,1.7435521892179027,True
A0A804I768,1.7433064134037457,True
A0A804JT91,1.743053415065396,True
A0A804IA96,1.7427119072484825,True
A0A804JRI2,1.7423311894843037,True
A0A4S8JQN4;A0A4S8JQN4;A0A804HTT1,1.740694395772238,True
A0A804KN91,1.7394831492347582,True
A0A4S8INA8;A0A4S8INA8;A0A804JH24,1.738876894550384,True
A0A804KAW3,1.7376653975884313,True
A0A804J273,1.736156140161964,True
A0A4S8JGU9;A0A4S8JGU9;A0A804JTE5,1.7345911716102655,True
A0A804HTP8,1.733620871488143,True
A0A4S8K626;A0A4S8K626;A0A804KA94,1.730995147066573,True
A0A4S8K4P1;A0A4S8K4P1,1.7301882178820123,True
A0A804HYW1,1.7301268463876676,True
A0A4S8IG60;A0A4S8IG60;A0A804KI94,1.7296184512636374,True
A0A4S8J6Z4;A0A4S8J6Z4;A0A804I7N4,1.7292651882309429,True
A0A4S8JY30;A0A4S8JY30;A0A804J7H5,1.725872136591405,True
A0A804K795;A0A804K796,1.725461231367239,True
A0A804LAG0,1.725035191083522,True
A0A804HXF6,1.7226565605316964,True
A0A804L001,1.7216033234407646,True
A0A4S8IVE0;A0A4S8IVE0,1.7169966573574396,True
A0A804JCB0,1.7166055542201744,True
A0A804IT87,1.7160636585296105,True
A0A804I447,1.7139502355093073,True
A0A804KVX6,1.7132701638379282,True
A0A4S8IU21;A0A4S8IU21;A0A804L1U8;A0A804L1U9,1.71251972746558,True
A0A4S8IXH4;A0A4S8IXH4,1.7123349981058447,True
A0A804JMW2,1.7104893041693647,True
A0A4S8K5Q8;A0A4S8K5Q8,1.709830038515966,True
A0A4S8KD71;A0A4S8KD71,1.7098234563719479,True
A0A804JLW6,1.7083055463469097,True
A0A804KSP0,1.7080803397855997,True
A0A4S8I8T7;A0A4S8I8T7;A0A4S8IHS3;A0A4S8IHS3;A0A804I016;A0A804I017;A0A804KLH9,1.7074540847448916,True
A0A4S8KCR4;A0A4S8KCR4;A0A804IQB8,1.7070288809230465,True
A0A4S8IZ51;A0A4S8IZ51,1.7052293334012607,True
A0A4S8KAC6;A0A4S8KAC6;A0A804IM91,1.7046338824398959,True
A0A4S8IDL0;A0A4S8IDL0;A0A804KF44,1.7031033245157814,True
A0A4S8K4D9;A0A4S8K4D9;A0A804K7M6,1.7030135834500022,True
A0A4S8IX80;A0A4S8IX80;A0A804KWE0,1.702718891957548,True
A0A804ISX9,1.7017341940028916,True
A0A804KV82,1.7015886410967351,True
A0A4S8K8U9;A0A4S8K8U9;A0A804IJR9,1.7015816910666126,True
A0A804ITU6;A0A804ITU7,1.7013331320251546,True
A0A804KGF0,1.701080375292821,True
A0A4S8JAY1;A0A4S8JAY1;A0A804ID36,1.6999353143451128,True
A0A4V4H8X8;A0A4V4H8X8;A0A804K6Q8,1.6988046179282335,True
A0A804J230,1.6987614344582942,True
A0A4S8IES2;A0A4S8IES2;A0A4S8JWW7;A0A4S8JWW7;A0A804KF26,1.6984624806112574,True
A0A804HRV4,1.6969350456492276,True
A0A4S8IAA4;A0A4S8IAA4;A0A804I297,1.6963326767461127,True
A0A4S8KG72;A0A4S8KG72;A0A804IVV7,1.6962298018159379,True
A0A4S8K8H3;A0A4S8K8H3;A0A804JRR5;A0A804KE62,1.6953333515901403,True
A0A804JC29,1.6930220711409907,True
A0A804JUF7,1.6928654462679316,True
A0A4S8K0X8;A0A4S8K0X8;A0A804K2G5,1.6921271370407684,True
A0A4S8IPK8;A0A4S8IPK8;A0A804JF53,1.691601361591482,True
A0A804IMI5,1.6915885190272806,True
A0A804HWD6,1.6893842407658237,True
A0A4V4H3P5;A0A4V4H3P5;A0A804JD74,1.6853314281042613,True
A0A4S8JPB5;A0A4S8JPB5;A0A804HT92,1.6850185517285088,True
A0A804HXG0,1.684845708533684,True
A0A804KU58,1.6846745806084569,True
A0A804L3S3,1.6835963357038726,True
A0A4S8IWB2;A0A4S8IWB2,1.6830845239808787,True
A0A804KN39,1.6821887942573321,True
A0A4S8KHZ4;A0A4S8KHZ4,1.6802283239811555,True
A0A4V4H7K4;A0A4V4H7K4,1.6791087722424076,True
A0A4S8IMK1;A0A4S8IMK1;A0A804JFW3,1.6770072350304175,True
A0A804IWT0,1.6769985450179694,True
A0A4S8JHV9;A0A4S8JHV9;A0A804JRN8,1.6750419680192756,True
A0A804INU0,1.6743002911174334,True
A0A804KEI7,1.6738055324536882,True
A0A4S8JV13;A0A4S8JV13;A0A4V4H832;A0A4V4H832;A0A804J1W9,1.673797442667629,True
A0A804I4P2,1.6737790632454315,True
A0A4S8JWH3;A0A4S8JWH3,1.6737345150468834,True
A0A804KYZ5,1.6735086445275684,True
A0A4S8J599;A0A4S8J599;A0A804J797;A0A804L9V1,1.6728382817766714,True
A0A804I451;A0A804I452;A0A804I453,1.6714246023769859,True
A0A804KBS4,1.6711247003542724,True
A0A804KPG1,1.6705219516805565,True
A0A4S8JA91;A0A4S8JA91;A0A804IBV4,1.6699979276925356,True
A0A4S8J0U4;A0A4S8J0U4;A0A804KST8,1.6684967188828719,True
A0A804JIN4,1.667891992327283,True
A0A804I2M5,1.6676251197471375,True
A0A804KBN6;A0A804KBN7;A0A804KBN8,1.667520670498567,True
A0A804IIR9,1.6674276184664352,True
A0A804HSH2,1.667393747527536,True
A0A4S8K7T0;A0A4S8K7T0,1.6647500093462433,True
A0A4S8I9H7;A0A4S8I9H7;A0A804I149,1.6645982030539523,True
A0A804L4W9;A0A804L4X0,1.6636251357765333,True
A0A804JRS9,1.6630553721637007,True
A0A804KTG3;A0A804KTG4,1.6625093112063911,True
A0A4S8JWG5;A0A4S8JWG5,1.662354868049821,True
A0A804KDX9;A0A804KDY0,1.6622578503805538,True
A0A804JSI2,1.6595129152798713,True
A0A4S8J9A8;A0A4S8J9A8;A0A804IAQ1,1.657088978356148,True
A0A4S8J231;A0A4S8J231;A0A804L2K8;A0A804L2K9,1.6567833747937841,True
A0A804KKA4,1.6565903768326329,True
A0A4S8I5G0;A0A4S8I5G0;A0A804U5P2,1.6565678266483002,True
A0A4S8KBE7;A0A4S8KBE7,1.6540567041612966,True
A0A4S8IMV1;A0A4S8IMV1,1.6534926067393434,True
A0A804IG75,1.6525018078764835,True
A0A4S8JFM1;A0A4S8JFM1,1.6523392827917074,True
A0A804HXL1;A0A804HXL2,1.6521738495148834,True
A0A4V4H9T0;A0A4V4H9T0;A0A804IQ67,1.6503780018468897,True
A0A4V4H443;A0A4V4H443;A0A804JJQ8;A0A804JJQ9,1.649509805617563,True
A0A4S8ID67;A0A4S8ID67;A0A804KEI5,1.648707015230377,True
A0A4V4H5L2;A0A4V4H5L2;A0A804L921,1.6469507907858405,True
A0A804JWS9,1.6465142607565981,True
A0A804IF98,1.6459624581051115,True
A0A4V4H6G4;A0A4V4H6G4;A0A804JYM7,1.6458469899524888,True
A0A4S8JQQ4;A0A4S8JQQ4,1.6452125444555274,True
A0A804KHV4,1.643729097333481,True
A0A804JAA5,1.6429107953022628,True
A0A4S8IXK6;A0A4S8IXK6,1.6418826170514327,True
A0A4S8JC40;A0A4S8JC40;A0A804K0P1,1.6412000031190053,True
A0A804L7S7;A0A804L7S8,1.6376182008427076,True
A0A4S8JWW9;A0A4S8JWW9,1.636984373755823,True
A0A4S8IFV9;A0A4S8IFV9;A0A804KHS8,1.636480401149298,True
A0A4S8JC71;A0A4S8JC71;A0A804HLU7,1.6359662885910502,True
A0A804JXK6,1.6340637317959037,True
A0A804L8T5,1.6338349141520232,True
A0A804I4A2;A0A804I4A3,1.6326953106624944,True
A0A804J6W1,1.6322484149715375,True
A0A804IC84,1.6297272537881249,True
A0A4V4H532;A0A4V4H532;A0A804KQX5,1.6294915797008171,True
A0A4S8J094;A0A4S8J094,1.6273587604453974,True
A0A804INA4,1.626780147596617,True
A0A804IMK1,1.6246169391350291,True
A0A4S8JC94;A0A4S8JC94,1.6241371573531593,True
A0A4S8K9X3;A0A4S8K9X3;A0A804ILF7;A0A804ILF8,1.6232550314869663,True
A0A4S8J6Q2;A0A4S8J6Q2,1.6229073361818827,True
A0A4S8JEQ3;A0A4S8JEQ3;A0A804JWX0,1.6228447165057267,True
A0A804JK52,1.622753298779618,True
A0A804L7J3,1.6223981460865033,True
A0A4S8K7S4;A0A4S8K7S4;A0A804KCV2,1.620293199514391,True
A0A804HZE0,1.6202139675230485,True
A0A4S8KCZ4;A0A4S8KCZ4;A0A804IQW9,1.6193371286308067,True
A0A804IR80,1.6192637060165882,True
A0A4S8KGY8;A0A4S8KGY8;A0A804IXC8;A0A804IXC9,1.6187937879827865,True
A0A4S8J6B4;A0A4S8J6B4,1.6184954712769235,True
A0A804KVL8,1.6161773273608762,True
A0A804J0T2,1.613145719120319,True
A0A4S8IBF3;A0A4S8IBF3,1.6121557480386048,True
A0A804K975,1.6103322228554753,True
A0A4S8K0G8;A0A4S8K0G8,1.6090829065079746,True
A0A4S8IS60;A0A4S8IS60;A0A804JN29;A0A804JN30,1.6078577158795362,True
A0A804JMK2,1.6070458677710124,True
A0A4S8II96;A0A4S8II96,1.6057960614786833,True
A0A4S8INI5;A0A4S8INI5;A0A804JH33,1.6049026225719587,True
A0A4V4H7Y6;A0A4V4H7Y6,1.6044086284858714,True
A0A804KMN3,1.6039107248519533,True
A0A804IAL4,1.6037379736817454,True
A0A804IVL4;A0A804IVL5,1.6028057887914102,True
A0A804I7K5,1.6018846493093997,True
A0A804HNK1;A0A804HP59,1.601681566038022,True
A0A4S8JE58;A0A4S8JE58,1.5995744246270365,True
A0A4S8IY58;A0A4S8IY58,1.5989674443035287,True
A0A804JBR7,1.5976937523166803,True
A0A804KZA0;A0A804KZA1,1.5965723449191798,True
A0A4S8IH05;A0A4S8IH05;A0A804KKP1,1.5965120718559866,True
A0A4V4H7B9;A0A4V4H7B9;A0A804HPN9,1.5960596729479175,True
A0A4S8IWB3;A0A4S8IWB3,1.5958778196110457,True
A0A804KMU4,1.5952690787102781,True
A0A4S8IRU0;A0A4S8IRU0;A0A804JIM8,1.5951292102484949,True
A0A4S8JZY6;A0A4S8JZY6,1.5948615333731258,True
A0A804IVB6,1.594345079815056,True
A0A4S8JJX7;A0A4S8JJX7;A0A804JQG7,1.593041248229438,True
A0A4S8IAT7;A0A4S8IAT7,1.5926098387905168,True
A0A804KW22,1.5924365213962173,True
A0A4S8JRD4;A0A4S8JRD4;A0A804HVW3,1.59222655020435,True
A0A4S8JBK0;A0A4S8JBK0;A0A804HNX2,1.5901530317642876,True
A0A4S8INH5;A0A4S8INH5;A0A804JHC1,1.5895148494835722,True
A0A804JI40,1.5885262737169203,True
A0A804L514,1.5874750406972744,True
A0A804L1C1,1.5864250045012902,True
A0A4S8IQY3;A0A4S8IQY3;A0A804JL85,1.5862585560630134,True
A0A804J9L6;A0A804J9L7;A0A804J9L8,1.5861239983103002,True
A0A4S8IP60;A0A4S8IP60,1.5858340655222283,True
A0A804JS70,1.5855248321853193,True
A0A804J4R1,1.5852208456890282,True
A0A804K459,1.5838500099964385,True
A0A804K2P6,1.5835340722786682,True
A0A4S8ICR7;A0A4S8ICR7;A0A804I6E3,1.5827020878653195,True
A0A804JGT3,1.5823284501152766,True
A0A4S8IDV8;A0A4S8IDV8;A0A804KFU4,1.5821517361839923,True
A0A804JGN4,1.5816069819089156,True
A0A4S8ING2;A0A4S8ING2;A0A804JHA6,1.5811129991601953,True
A0A4S8I808;A0A4S8I808;A0A4S8J3L3;A0A4S8J3L3;A0A804HYW0;A0A804L730,1.580795811602643,True
A0A4S8IQX9;A0A4S8IQX9;A0A804JL36,1.5787508895450626,True
A0A804JCS4,1.578098568239994,True
A0A4S8I9N8;A0A4S8I9N8;A0A4S8JMY1;A0A4S8JMY1;A0A804HRF8;A0A804I1D3,1.5756861190032392,True
A0A804JI85,1.5739954977376365,True
A0A804I837,1.5729884992571024,True
A0A4S8I9Z0;A0A4S8I9Z0,1.5726962880393092,True
A0A804KJW3,1.5723001630605646,True
A0A4S8K3J4;A0A4S8K3J4;A0A804K6D5,1.5718887876458978,True
A0A804KMC8;A0A804KMD0,1.5711811238045796,True
A0A4S8IHR7;A0A4S8IHR7;A0A804KI60,1.5702002716166539,True
A0A804K2X0,1.5699876798476633,True
A0A4V4H6K6;A0A4V4H6K6,1.56880754464231,True
A0A4S8J664;A0A4S8J664;A0A804L8V5,1.568541062162034,True
A0A4S8J5V4;A0A4S8J5V4,1.5683849468137248,True
A0A804KQQ5,1.5680005983155054,True
A0A804ILD3,1.5673048410610664,True
A0A4V4H7F9;A0A4V4H7F9;A0A804HRV2,1.566248712860811,True
A0A4V4H5K4;A0A4V4H5K4;A0A804L8Q8,1.5657014517354941,True
A0A4S8JTC0;A0A4S8JTC0;A0A804J095,1.5617533344948649,True
A0A804JGY9;A0A804JGZ0,1.5609056975387732,True
A0A804I537,1.5558353904002555,True
A0A4S8JQY1;A0A4S8JQY1;A0A804HV35,1.5547530931622928,True
A0A4S8JZ04;A0A4S8JZ04;A0A804J8W1,1.5524651844516666,True
A0A4S8K035;A0A4S8K035;A0A804JAH5,1.549678805830586,True
A0A4S8JJE0;A0A4S8JJE0;A0A804IIK7,1.548927799588106,True
A0A804KDY5,1.547733169691124,True
A0A804KDL4,1.5470008563355242,True
A0A4S8IFM4;A0A4S8IFM4;A0A804KIG7,1.5451033050148273,True
A0A804JTR0,1.5443008219194339,True
A0A804J9F7;A0A804J9F8,1.542845384004437,True
A0A804KNX8,1.5424006113256237,True
A0A4S8JY17;A0A4S8JY17;A0A804J7H1,1.5417694608041599,True
A0A4S8IPX4;A0A4S8IPX4;A0A804KXE8,1.541596165046933,True
A0A4S8I827;A0A4S8I827,1.5415554113726797,True
A0A4S8IAH4;A0A4S8IAH4;A0A804I2T4,1.541081612600879,True
A0A804JNV6,1.541040725926125,True
A0A4V4H5F3;A0A4V4H5F3;A0A804L6J9,1.5401952514216057,True
A0A4S8JEV4;A0A4S8JEV4;A0A4S8K8Q0;A0A4S8K8Q0;A0A4S8KBP4;A0A4S8KBP4;A0A804IJJ1;A0A804IPB5;A0A804JWW0;A0A804KMH0,1.539279295403069,True
A0A4S8IGP3;A0A4S8IGP3;A0A4S8JBC7;A0A4S8JBC7;A0A4S8JHH7;A0A4S8JHH7;A0A4S8JRC3;A0A4S8JRC3;A0A4S8JVP9;A0A4S8JVP9;A0A804HVR4;A0A804HVR5;A0A804IBM9;A0A804J0Y1;A0A804JSC9;A0A804KJ56,1.5375482770883797,True
A0A4V4H5U1;A0A4V4H5U1,1.5371052349226995,True
A0A804I0F3,1.5352409105458946,True
A0A804KC41,1.534381725187467,True
A0A4S8KAK9;A0A4S8KAK9;A0A804IMG7,1.5330413024047207,True
A0A804HT86,1.5327713827521754,True
A0A4S8JC33;A0A4S8JC33;A0A804K0Q9,1.5306727983999269,True
A0A4S8JTK0;A0A4S8JTK0,1.5305518720136886,True
A0A804JS27,1.5301438748651812,True
A0A804JHP2,1.5282512953125291,True
A0A804JB67,1.528071062293115,True
A0A4S8IFA6;A0A4S8IFA6;A0A804KGV9,1.5249392656803125,True
A0A804ITZ0,1.5246307822963587,True
A0A4S8JMP5;A0A4S8JMP5;A0A804HQH8,1.524207607178909,True
A0A804HV63,1.5241452469220462,True
A0A4V4H657;A0A4V4H657;A0A804ICM3,1.5235449751705656,True
A0A4S8K786;A0A4S8K786;A0A804KC27,1.5214872981954508,True
A0A4S8JMS3;A0A4S8JMS3;A0A804IGI1,1.520527850665632,True
A0A804K028,1.5190532509630423,True
A0A4S8K4U1;A0A4S8K4U1,1.517297428165894,True
A0A804HQE6,1.5165364946378046,True
A0A4S8IFY1;A0A4S8IFY1;A0A804KJ08,1.5158890645722323,True
A0A804IMP3,1.513340614375679,True
A0A4S8IJS2;A0A4S8IJS2;A0A804JBD1,1.5127898940492033,True
A0A804K4B7,1.5127436639696217,True
A0A804JIV2,1.5122423719303726,True
A0A4S8JRM4;A0A4S8JRM4;A0A4V4HA07;A0A4V4HA07;A0A804ITG1;A0A804KGK3,1.5106089627490158,True
A0A804IBU2,1.510557047748825,True
A0A4S8JLX0;A0A4S8JLX0;A0A804HPU0;A0A804HPU1,1.5098867563436957,True
A0A804L455,1.5089621992464868,True
A0A804KEK7;A0A804KEK8,1.5081276913520425,True
A0A804KWQ2,1.5065485181644322,True
A0A804K2C6,1.5063517945854241,True
A0A4S8J3T3;A0A4S8J3T3;A0A804L7N8,1.504693017097962,True
A0A4S8J4Y3;A0A4S8J4Y3;A0A804L998,1.5038659838799253,True
A0A4S8JRJ1;A0A4S8JRJ1;A0A804HW51,1.5037181608631103,True
A0A804JH49,1.5024444179411311,True
A0A804ISC3,1.5015641372418536,True
A0A804KJW4,1.500229564792384,True
A0A4S8K2R8;A0A4S8K2R8;A0A804K583;A0A804K584,1.4997690698428408,True
A0A4S8JIJ8;A0A4S8JIJ8;A0A804JRT2;A0A804JRT3,1.4990891319774855,True
A0A4S8J5P2;A0A4S8J5P2;A0A804LAJ9,1.4988831152845425,True
A0A804JF87,1.4985727506414088,True
A0A804JNE5,1.498559328566466,True
A0A804HQS5,1.4985463409602668,True
A0A4S8IVC7;A0A4S8IVC7,1.4962559272986442,True
A0A804J9W9,1.4954864978273448,True
A0A4S8KCQ1;A0A4S8KCQ1;A0A804IQA6,1.4947100638207305,True
A0A804I508;A0A804J1V6,1.493318088058837,True
A0A4S8IR91;A0A4S8IR91;A0A804JLN6,1.4929573637655016,True
A0A4S8ISI4;A0A4S8ISI4;A0A804JJ94;A0A804JJ95,1.4922910782179355,True
A0A4S8K2J9;A0A4S8K2J9;A0A804K4X1;A0A804L7U0;A0A804L7U1,1.4905066745567903,True
A0A4V4H8T5;A0A4V4H8T5;A0A804K4W5,1.4904269267447678,True
A0A804IA19,1.4893680553693056,True
A0A4V4H3W4;A0A4V4H3W4;A0A804JGG3,1.4892398866930263,True
A0A4S8KCN5;A0A4S8KCN5;A0A804IQ85,1.489074304407864,True
A0A4S8IXP8;A0A4S8IXP8;A0A804KVS0,1.4885607162957049,True
A0A804KGF8,1.4884768042053496,True
A0A4S8JI04;A0A4S8JI04,1.4879142024567886,True
A0A804KW81,1.4877772887475833,True
A0A4S8IQA0;A0A4S8IQA0,1.4875952872882463,True
A0A804J7H6,1.4875925855627183,True
A0A4S8IR08;A0A4S8IR08;A0A804JJX7,1.4870178974107602,True
A0A4S8IBK4;A0A4S8IBK4;A0A4S8IT53;A0A4S8IT53;A0A4S8K520;A0A4S8K520;A0A804I4I8;A0A804JMI1;A0A804K8P8,1.4867868732210632,True
A0A804HZQ3,1.4859380947653318,True
A0A804HLX2,1.4858514233023972,True
A0A804HPX7,1.4853455869106562,True
A0A4V4HA74;A0A4V4HA74;A0A804IWC3,1.4845543433530501,True
A0A804KSY2,1.484519956888774,True
A0A4S8IES7;A0A4S8IES7;A0A804KG15,1.4827436006197303,True
A0A804I3U0,1.4825756497102438,True
A0A4S8JBY9;A0A4S8JBY9,1.482484743064616,True
A0A4S8JQ26;A0A4S8JQ26;A0A804HRT3,1.4822228329245823,True
A0A804I2J8,1.4807669236486802,True
A0A4S8J3I9;A0A4S8J3I9;A0A804L737,1.4788324998900855,True
A0A804IRV3,1.477915049086868,True
A0A4V4H458;A0A4V4H458;A0A804JK58,1.4778660306028537,True
A0A804J5D9,1.4775022891533491,True
A0A804JCN4,1.4773095604075415,True
A0A4S8JH31;A0A4S8JH31,1.4768861478020907,True
A0A804IAV0,1.4767438469810492,True
A0A804J8Q3,1.4757970894668841,True
A0A804J6I8,1.475634116779177,True
A0A804IW25;A0A804IW26,1.4747086911416363,True
A0A804KK20,1.4744267377483993,True
A0A804ITY6,1.4741866017758807,True
A0A4S8J758;A0A4S8J758,1.4737775827573716,True
A0A4S8IL13;A0A4S8IL13;A0A804JDD3,1.472591553654049,True
A0A804HPW8;A0A804HPW9,1.4722927504224765,True
A0A804IZ00,1.4710433325785859,True
A0A804I120,1.4702531409847213,True
A0A804IKE8,1.469579902444385,True
A0A4S8I9I5;A0A4S8I9I5,1.46862744924329,True
A0A4S8JR17;A0A4S8JR17,1.4681534338523672,True
A0A804JQR2,1.468097839527917,True
A0A804L561;A0A804L562,1.4676678295320336,True
A0A4S8JY40;A0A4S8JY40;A0A804J7L3,1.4671533545337505,True
A0A4S8I7Q2;A0A4S8I7Q2;A0A4S8J6D9;A0A4S8J6D9;A0A4S8JZ69;A0A4S8JZ69;A0A804HYG4;A0A804HYG5;A0A804J983;A0A804LBQ5,1.4645803282292507,True
A0A804KIF4,1.4632969510068319,True
A0A4S8K0Y1;A0A4S8K0Y1;A0A804K2A0,1.4629405936187527,True
A0A4S8JP46;A0A4S8JP46,1.461535375897779,True
A0A804KK79,1.4606134852721273,True
A0A4S8K031;A0A4S8K031;A0A804JAK3,1.4599175705274945,True
A0A4S8IAE4;A0A4S8IAE4;A0A4S8IRY9;A0A4S8IRY9;A0A4S8JI90;A0A4S8JI90;A0A4S8JTE2;A0A4S8JTE2;A0A804I2P3;A0A804J4H6;A0A804JMG5;A0A804JR43,1.457665045609491,True
A0A4S8JEF0;A0A4S8JEF0;A0A804JZX5,1.457386719352213,True
A0A804IXQ7,1.457326112247704,True
A0A4S8J8J7;A0A4S8J8J7;A0A804IA16,1.4571347890068411,True
A0A4S8KBQ1;A0A4S8KBQ1;A0A804IPC0;A0A804IPC1,1.4567130286356373,True
A0A4S8JW72;A0A4S8JW72,1.4526581785217596,True
A0A4S8JEZ6;A0A4S8JEZ6,1.4522082664065765,True
A0A804L263,1.4510504755767613,True
A0A4S8J5Z2;A0A4S8J5Z2;A0A804L8K1,1.4504002625532242,True
A0A804I5E1,1.4499863806342594,True
A0A804J499,1.4499698393712428,True
A0A4V4H8G9;A0A4V4H8G9;A0A804J9J3,1.4476319317344057,True
A0A804KFQ2,1.4473672935835595,True
A0A4S8KC89;A0A4S8KC89;A0A804IQ39,1.4460158186611836,True
A0A804J7E1,1.445799598964533,True
A0A804I4C0,1.4450767730543481,True
A0A4V6T4H6;A0A4V6T4H6,1.4448397917299836,True
A0A804JXW8;A0A804JXW9,1.4444416913461975,True
A0A4S8JVM8;A0A4S8JVM8;A0A804J116,1.444314203219052,True
A0A804IAE7,1.4430036503423966,True
A0A4S8IVX5;A0A4S8IVX5,1.4425300596350066,True
A0A4S8JU63;A0A4S8JU63,1.4425222140979008,True
A0A4S8KI25;A0A4S8KI25;A0A804IYS9,1.4422788258268677,True
A0A804L6B9,1.4418294245329701,True
A0A804HQ74,1.4413221278149022,True
A0A4S8K2N7;A0A4S8K2N7,1.4395076194876277,True
A0A4S8IUG0;A0A4S8IUG0;A0A4V4H3P1;A0A4V4H3P1;A0A804JD01;A0A804JMR1,1.4392765283236024,True
A0A4S8IYR9;A0A4S8IYR9;A0A804KTR6,1.4390719862532908,True
A0A4S8I8V0;A0A4S8I8V0;A0A804I013;A0A804KMQ4,1.438640857536951,True
A0A4S8JD71;A0A4S8JD71;A0A804IEH2,1.438019532154878,True
A0A4S8KFS5;A0A4S8KFS5;A0A804IUK5;A0A804IUK6;A0A804IUK7;A0A804IUK8,1.4378399032502818,True
A0A4S8IA02;A0A4S8IA02;A0A804I1Y8,1.4367170197984662,True
A0A804JJL5,1.4364189314703801,True
A0A4S8I7T7;A0A4S8I7T7;A0A804HYH2,1.435689156561339,True
A0A804ITW7,1.4349812871606165,True
A0A4S8I6A4;A0A4S8I6A4,1.4349249235653494,True
A0A4S8IMS6;A0A4S8IMS6;A0A804JGA6,1.434731508769498,True
A0A4S8IL24;A0A4S8IL24;A0A804JDJ5,1.4331754103716756,True
A0A4S8II42;A0A4S8II42;A0A804KNJ9,1.4312374004261055,True
A0A804HVR6,1.4311907452930892,True
A0A4S8JNX3;A0A4S8JNX3;A0A804HPQ0;A0A804HPQ1;A0A804HPQ2,1.430620058372523,True
A0A804KH16,1.4298235647213782,True
A0A4S8JCN5;A0A4S8JCN5,1.428904698779305,True
A0A804JFL7,1.4288019536203422,True
A0A804JU26,1.4281856025735415,True
A0A4S8KHZ3;A0A4S8KHZ3,1.4280260311173654,True
A0A804L6E9,1.4276667180639906,True
A0A4S8JXK6;A0A4S8JXK6,1.4270204435562548,True
A0A4V4H7D2;A0A4V4H7D2;A0A804HQE7,1.4263471762771578,True
A0A804KI35,1.426206714501528,True
A0A804IBJ0;A0A804IBJ1,1.4259286654832444,True
A0A4S8J1Y9;A0A4S8J1Y9;A0A804KSY1,1.4236088523110346,True
A0A4S8KFB8;A0A4S8KFB8;A0A804IUJ7,1.422969365331604,True
A0A4S8IR25;A0A4S8IR25;A0A4V4H4W3;A0A4V4H4W3;A0A804JHE9;A0A804KVH0,1.4220785956895403,True
A0A804KL76;A0A804KL78,1.420628823038086,True
A0A804I1Q2,1.4195458079042482,True
A0A4S8IJW4;A0A4S8IJW4,1.4183242319491889,True
A0A804KK04,1.4183099582636218,True
A0A4S8K647;A0A4S8K647,1.4180306348257246,True
A0A4S8JDZ5;A0A4S8JDZ5;A0A804JXL8,1.417843020063241,True
A0A4S8K9R4;A0A4S8K9R4;A0A804IL36;A0A804IL37,1.4171309450111103,True
A0A804HPV8,1.4141545282038304,True
A0A804J5N8,1.413943255612396,True
A0A804KNY4;A0A804KNY5,1.4136357598719953,True
A0A804KD98;A0A804KD99,1.4132229419923366,True
A0A4S8K5T3;A0A4S8K5T3;A0A804K9T5,1.4130718677694818,True
A0A4S8J3E4;A0A4S8J3E4,1.4121406157955783,True
A0A804IMB3,1.4121400186720472,True
A0A4S8IIZ5;A0A4S8IIZ5;A0A804KPZ6,1.4119574675742181,True
A0A4S8IHD9;A0A4S8IHD9,1.4119272132903729,True
A0A804HY94,1.4115190475329922,True
A0A804K876,1.4103140723561598,True
A0A804L3U5,1.4098891388131194,True
A0A804K7B3,1.4098693421165973,True
A0A804K7L9,1.4093236068374198,True
A0A804HTM0,1.4090349955096526,True
A0A804K3U6,1.4088431056352826,True
A0A804KPX8,1.4088073741733858,True
A0A804JHJ4,1.4087996519202788,True
A0A4S8KEP0;A0A4S8KEP0;A0A804ITG7,1.4085968521940513,True
A0A804KM61,1.407958259923093,True
A0A4V4H7C3;A0A4V4H7C3;A0A804HQ54,1.4078082734729371,True
A0A4S8IUI7;A0A4S8IUI7;A0A804L0T4,1.4069232342669495,True
A0A804JTK6,1.4033356146882607,True
A0A804I049,1.403269736141643,True
A0A4S8J410;A0A4S8J410,1.4026942054877685,True
A0A4S8J679;A0A4S8J679;A0A804LB04,1.402117279491209,True
A0A4V4H8C0;A0A4V4H8C0;A0A804J6W7,1.4019208734965094,True
A0A804J1E4,1.4001969180358935,True
A0A804JUT8,1.400106060316108,True
A0A4V4HA99;A0A4V4HA99;A0A804IXH4,1.3963958080050443,True
A0A804J224,1.3963409502440873,True
A0A4S8JJM8;A0A4S8JJM8,1.395152632136704,True
A0A804K6X2,1.3933869448511107,True
A0A804IK42,1.3931246267498794,True
A0A804IAC6,1.392970518841487,True
A0A804JK61,1.3927166599658134,True
A0A4S8IBS5;A0A4S8IBS5;A0A804I4V3,1.3923619138955354,True
A0A4S8IX55;A0A4S8IX55,1.3922073250514533,True
A0A4S8IMD4;A0A4S8IMD4;A0A804JFM9,1.3915270530197081,True
A0A4S8JX57;A0A4S8JX57,1.3912026964242774,True
A0A4S8JRK8;A0A4S8JRK8,1.390705181737922,True
A0A4S8J4W7;A0A4S8J4W7,1.390496818379964,True
A0A804J9I0,1.3889090482258641,True
A0A804KX44,1.3887924365057858,True
A0A4V4H7I3;A0A4V4H7I3;A0A804HSK8,1.3882246466749737,True
A0A804KI08,1.3876759715077305,True
A0A804JCF0,1.3873556741128368,True
A0A4S8IJS0;A0A4S8IJS0;A0A804KQ52,1.3872413636443741,True
A0A804J2A8,1.38564433975882,True
A0A4S8K9E6;A0A4S8K9E6;A0A804IKQ9,1.38560064827249,True
A0A4S8KG76;A0A4S8KG76,1.385518254515171,True
A0A4S8J6Q1;A0A4S8J6Q1,1.3854633506458727,True
A0A804K6R7,1.3844215033122949,True
A0A4S8K1P1;A0A4S8K1P1,1.3843828388199444,True
A0A804JF00,1.3843218884027555,True
A0A804L8Y2,1.3836460018591958,True
A0A804JM83,1.3827330157661981,True
A0A804L094,1.3826121539967524,True
A0A804IPB6;A0A804IPB9,1.3819738146957277,True
A0A804J1V1,1.3819222499774861,True
A0A804J226,1.3818883778866666,True
A0A4S8K1M8;A0A4S8K1M8;A0A804K3K6,1.3809870344989605,True
A0A4V4H8L2;A0A4V4H8L2;A0A804K1K5,1.3808681234942195,True
A0A804L051,1.380383552697508,True
A0A4S8I9C0;A0A4S8I9C0;A0A804HYS0,1.379835903524484,True
A0A804L0L9,1.3794184224307253,True
A0A804I9R0,1.3779322802302865,True
A0A804KSF4,1.3773981785931093,True
A0A4S8J0W9;A0A4S8J0W9;A0A804KUI3,1.3771402501280594,True
A0A4S8JCF9;A0A4S8JCF9;A0A804K0W2,1.3765449499082987,True
A0A804JME6,1.376393029475857,True
A0A804JG86,1.375855127686752,True
A0A804HXZ6,1.375009154818975,True
A0A804I7Q7,1.3746540838512653,True
A0A804JR31;A0A804JUZ2,1.3744820515516458,True
A0A804IF79,1.3733297804988096,True
A0A804K1G7,1.3709990815308386,True
A0A4S8J551;A0A4S8J551;A0A4S8J5D4;A0A4S8J5D4;A0A804L887;A0A804L9W1;A0A804L9W2,1.3694409154456082,True
A0A804KND9,1.3692013025490488,True
A0A4S8JHZ2;A0A4S8JHZ2;A0A804JTN9,1.3688560145378537,True
A0A4S8IQJ7;A0A4S8IQJ7;A0A804JKH5,1.3683696651644037,True
A0A4S8IAI8;A0A4S8IAI8;A0A804I2X7,1.3680740368842217,True
A0A4S8J6U1;A0A4S8J6U1;A0A804L8F6,1.3679222507205062,True
A0A4S8IX36;A0A4S8IX36,1.367212985728371,True
A0A804L402;A0A804L403;A0A804L404,1.3667508129754005,True
A0A804KLF4,1.3665653788598928,True
A0A804L1Z7,1.3648344888963906,True
A0A4S8KIL0;A0A4S8KIL0;A0A804IYP4;A0A804IZT6,1.3646347311425047,True
A0A4S8IX50;A0A4S8IX50;A0A804KWE2,1.363804611647318,True
A0A804IFX9,1.3637966497475074,True
A0A4S8IYK7;A0A4S8IYK7,1.3626765506429843,True
A0A804HYS2,1.361928246523871,True
A0A804KL71,1.3618919355297543,True
A0A804JDJ3,1.3613240500137518,True
A0A804J7Q1,1.361085528931494,True
A0A4V4H6T5;A0A4V4H6T5;A0A804JTM6,1.3609797943243034,True
A0A4S8J6P1;A0A4S8J6P1;A0A804I739,1.3577974978984433,True
A0A4S8JWR5;A0A4S8JWR5;A0A804J523;A0A804J524,1.3576489022950657,True
A0A4S8JHY7;A0A4S8JHY7;A0A4S8KCR7;A0A4S8KCR7;A0A804IQ76;A0A804IQ77;A0A804JRK2,1.3574076245085211,True
A0A4S8IER5;A0A4S8IER5;A0A804KF15,1.3563265685112285,True
A0A4S8JRZ7;A0A4S8JRZ7;A0A804HWE7,1.356201251303573,True
A0A4S8IMB3;A0A4S8IMB3,1.355854367864074,True
A0A4S8K8I4;A0A4S8K8I4;A0A804KE32,1.3558526368858221,True
A0A804KRS9,1.3551987692435652,True
A0A4S8ID35;A0A4S8ID35;A0A804I393,1.354779365037285,True
A0A804KAW2,1.3545932110576588,True
A0A804HNL5,1.3545576543073377,True
A0A804JVY7,1.353916454824832,True
A0A4S8JRR4;A0A4S8JRR4;A0A804HWF1,1.3538719867674194,True
A0A4S8JQP7;A0A4S8JQP7;A0A804HU07,1.3535702723789653,True
A0A804K6A8,1.3532781109855003,True
A0A4V4H348;A0A4V4H348,1.3530446314618116,True
A0A804IN40,1.352521590096996,True
A0A804KGB3,1.3510714878641221,True
A0A804JI23,1.350199786229049,True
A0A4S8IYM9;A0A4S8IYM9,1.3501848750033711,True
A0A4S8JDB5;A0A4S8JDB5,1.3500401153730879,True
A0A804KVY2,1.349480801739931,True
A0A804IYV6;A0A804IYV7,1.348206041498596,True
A0A804KNY3,1.348060658142607,True
A0A804JEZ2,1.347174753771366,True
A0A4S8K0K2;A0A4S8K0K2,1.346954399968199,True
A0A4S8JDP1;A0A4S8JDP1;A0A804JYF6,1.3466864068343316,True
A0A4S8J6Y2;A0A4S8J6Y2;A0A804L9V2,1.346519418059687,True
A0A804L7A3,1.345424717593879,True
A0A4S8IKY0;A0A4S8IKY0;A0A804JD12,1.3430917689132027,True
A0A4S8ID00;A0A4S8ID00;A0A804KEC8,1.3428501790603355,True
A0A4S8IAX8;A0A4S8IAX8;A0A804HZR7,1.3426052110792064,True
A0A4S8JK39;A0A4S8JK39;A0A804IGW0,1.3424326176288894,True
A0A4S8IH37;A0A4S8IH37;A0A804KL27;A0A804KL28,1.3422546992803717,True
A0A804IFR4,1.341684945354799,True
A0A804K8A0,1.3413590237187367,True
A0A804JKJ7,1.3400950033129995,True
A0A4S8K0L6;A0A4S8K0L6,1.3400387175116228,True
A0A4S8IKZ3;A0A4S8IKZ3,1.3398886103975287,True
A0A4S8JD59;A0A4S8JD59;A0A804K0V5,1.339030059737165,True
A0A804L184,1.3389638262055708,True
A0A4S8ITP9;A0A4S8ITP9;A0A804JLL9,1.338161483281568,True
A0A4S8IZV6;A0A4S8IZV6;A0A804KRK4,1.3381559095988398,True
A0A4S8ICG5;A0A4S8ICG5;A0A804I5P9;A0A804I5Q1;A0A804I5Q2,1.3376053159918722,True
A0A4S8J2G6;A0A4S8J2G6,1.3370583475191011,True
A0A4S8IYE4;A0A4S8IYE4;A0A804KUI5,1.3366063737581062,True
A0A4S8IPS8;A0A4S8IPS8;A0A4V6T4P5;A0A4V6T4P5;A0A804IMZ9;A0A804JJA1;A0A804KAH1;A0A804KAH2,1.3365116452029948,True
A0A804JTS3,1.3361368352907241,True
A0A4S8KDZ7;A0A4S8KDZ7;A0A804ISF5;A0A804ISF6,1.335585732452481,True
A0A4S8K5I7;A0A4S8K5I7,1.3351646895568776,True
A0A4V4H4R5;A0A4V4H4R5;A0A804KY35;A0A804KY36,1.3349986916280416,True
A0A804IZG2,1.334409050030799,True
A0A804I2R3,1.33399743437666,True
A0A804KEP7,1.3332932045807957,True
A0A4S8J7R8;A0A4S8J7R8;A0A804I8T9,1.3331788261042263,True
A0A804HU37,1.3329728508344048,True
A0A4S8K9Q4;A0A4S8K9Q4,1.3318471188532284,True
A0A804KN51,1.3317873243890141,True
A0A4S8JCM1;A0A4S8JCM1;A0A804K030,1.3314537401150701,True
A0A804HYZ2,1.3311865036813497,True
A0A804IN12,1.3302452514478698,True
A0A4V4H7F0;A0A4V4H7F0;A0A804HQV8,1.3302240922728699,True
A0A4S8IE11;A0A4S8IE11;A0A4S8K767;A0A4S8K767;A0A804JNC6;A0A804KBT1;A0A804KG69,1.3302119062356919,True
A0A4S8JMC8;A0A4S8JMC8;A0A804IH80,1.3300428810720684,True
A0A804K3P3,1.3293510474964443,True
A0A4S8K5N7;A0A4S8K5N7;A0A804K9N4,1.3286647901330022,True
A0A804KEC7,1.3283851237266517,True
A0A4S8IZ97;A0A4S8IZ97;A0A804KSS7,1.328335344673189,True
A0A4S8JXP6;A0A4S8JXP6;A0A804J6Y0,1.3282312242998089,True
A0A804L2W3,1.3278622683439139,True
A0A804IU16;A0A804IU17,1.3276972623192207,True
A0A804I1I3;A0A804I1I4,1.3253496415624781,True
A0A804I745;A0A804I746,1.3253122962276649,True
A0A804IGK3,1.3249241007490398,True
A0A804K9Y0,1.323296313726346,True
A0A804JWM6,1.3228173448906928,True
A0A4S8KGZ6;A0A4S8KGZ6;A0A804IXD1;A0A804IXD2,1.3226179761397279,True
A0A4V4H335;A0A4V4H335,1.3221868096664573,True
A0A804HZ28,1.3219627827541192,True
A0A804HMH1;A0A804HNC9,1.3217605837084405,True
A0A4S8JF01;A0A4S8JF01;A0A4S8JIV6;A0A4S8JIV6;A0A804IJ08;A0A804IJ09;A0A804K026,1.3208042871899088,True
A0A4S8J2I0;A0A4S8J2I0;A0A804L5L9,1.3205504589300938,True
A0A4S8IWP8;A0A4S8IWP8;A0A804KX71,1.3201103166049724,True
A0A4V4H9V1;A0A4V4H9V1;A0A804IQV2,1.3190895167373706,True
A0A804KW62,1.3190356969332186,True
A0A804HNY3,1.3186001610242832,True
A0A4V4H9C9;A0A4V4H9C9;A0A804KDH2,1.3182786052116626,True
A0A4S8K9K8;A0A4S8K9K8;A0A4S8KD20;A0A4S8KD20;A0A4V4H9P0;A0A4V4H9P0;A0A804IHF9;A0A804IL05;A0A804IL06;A0A804IQU2,1.3178645899548802,True
A0A4S8JUU5;A0A4S8JUU5;A0A804J275;A0A804J276;A0A804J277,1.3177272637745832,True
A0A4S8KE48;A0A4S8KE48;A0A804ISR0;A0A804ISR1,1.3170666746294106,True
A0A804KAW6,1.316445425541812,True
A0A4S8J184;A0A4S8J184;A0A4S8J1D0;A0A4S8J1D0;A0A4S8K9S6;A0A4S8K9S6;A0A4V4H580;A0A4V4H580;A0A804ILE3;A0A804ILE4,1.3163713963572172,True
A0A804KJR3,1.3162867138931886,True
A0A804IBW2,1.3152358057188742,True
A0A804INM9,1.3145488845209194,True
A0A4V4H590;A0A4V4H590,1.3139866472355268,True
A0A804IZ51,1.3136325128552622,True
A0A804K946,1.3135859762529816,True
A0A804KIY5,1.3133741309716693,True
A0A4V4H9M6;A0A4V4H9M6;A0A804IMZ4;A0A804IMZ5;A0A804IMZ6,1.3129180444558528,True
A0A804KQI4,1.3129002018285285,True
A0A4S8JAR2;A0A4S8JAR2;A0A804IDI7,1.312884788873779,True
A0A804IKK4,1.312732983623295,True
A0A804KYZ7,1.3121948495108322,True
A0A4S8JB01;A0A4S8JB01;A0A804IB62;A0A804IB63,1.3117913619400738,True
A0A4V4H6T3;A0A4V4H6T3,1.3117426247416837,True
A0A804KZ27,1.311726591989701,True
A0A804J9X2,1.3110435804381724,True
A0A804IRF1,1.3104133364126012,True
A0A4S8ITH6;A0A4S8ITH6;A0A804JLA4,1.3098852212057235,True
A0A804IKF0,1.308975171192286,True
A0A4S8JLB0;A0A4S8JLB0,1.3086772274956238,True
A0A4S8J4X4;A0A4S8J4X4,1.3086093931971559,True
A0A804JJL1,1.3078235672405578,True
A0A4S8JEG4;A0A4S8JEG4,1.3075871607146228,True
A0A804I9E4,1.3073652380347138,True
A0A4S8IDH9;A0A4S8IDH9;A0A804I5F7,1.3070730495257625,True
A0A804HUA0,1.306568147811979,True
A0A4S8J9H1;A0A4S8J9H1;A0A804IBE0,1.3054605299063362,True
A0A4S8IFG3;A0A4S8IFG3;A0A804KIB7,1.3050563415989647,True
A0A804L7U3,1.3047892606321345,True
A0A804KLZ8,1.3045696926215786,True
A0A804KBF9,1.303630030894258,True
A0A4S8JAV5;A0A4S8JAV5,1.3035550293995228,True
A0A4S8KDV1;A0A4S8KDV1;A0A804IS14,1.3025205392143568,True
A0A4S8JNW4;A0A4S8JNW4;A0A804HP25,1.3025125851615897,True
A0A804HSY9,1.3024893741229815,True
A0A4S8IR53;A0A4S8IR53,1.3024739668203644,True
A0A804HTE4;A0A804L8T1,1.3022962075492293,True
A0A4V4H7B3;A0A4V4H7B3,1.3017248901610021,True
A0A804IK69,1.30164120443817,True
A0A4S8JRW5;A0A4S8JRW5;A0A804HWN7;A0A804HWN8,1.3014267758083689,True
A0A4S8II17;A0A4S8II17,1.3012765335318406,True
A0A804L3R2;A0A804L3R3,1.3010985578855787,True
A0A4S8IN44;A0A4S8IN44;A0A804JCW4,1.3009410071299634,True
A0A4S8K1V5;A0A4S8K1V5;A0A804IFT0;A0A804K3T0,1.3009215014781457,True
A0A804JYU7,1.3008607736186386,True
A0A804IRL3,1.3007904696564052,True
A0A804L8V6,1.3006151110286637,True
A0A4V4H7K8;A0A4V4H7K8;A0A804HU40,1.3002745998722718,True
A0A804KEE4,1.3001590001613146,True
A0A804KZY8,1.299462259258152,True
A0A4S8ITI0;A0A4S8ITI0;A0A804JQ55,1.2989217388120118,True
A0A804IPH6;A0A804IPH7,1.2983012879935176,True
A0A804KJ64,1.2979429032364451,True
A0A4S8JB82;A0A4S8JB82;A0A804IBH5,1.2971472237903046,True
A0A804JNG4,1.2962858748035102,True
A0A4S8K7W2;A0A4S8K7W2,1.2959833719265106,True
A0A4S8J7U6;A0A4S8J7U6;A0A4S8JMZ7;A0A4S8JMZ7;A0A4S8KHT7;A0A4S8KHT7;A0A4V4H5G9;A0A4V4H5G9;A0A804HRM1;A0A804IYF1;A0A804L7A2,1.2953684433821253,True
A0A804ITA6,1.29529190588104,True
A0A4S8JCE3;A0A4S8JCE3;A0A804ICE2,1.29455177536036,True
A0A4S8J088;A0A4S8J088;A0A804KSS8,1.2945317583478544,True
A0A4V4H3N0;A0A4V4H3N0;A0A804JCI7,1.2944863537043863,True
A0A4S8IT65;A0A4S8IT65;A0A804JPT4,1.2941546503157146,True
A0A804HUT8,1.2939983560360904,True
A0A804IIN0;A0A804IIN1,1.293441450318729,True
A0A4S8KBF6;A0A4S8KBF6,1.2929723724098345,True
A0A804KJM4,1.2927749448592232,True
A0A4S8IPF0;A0A4S8IPF0;A0A804JIW3;A0A804JIW4,1.290403601948397,True
A0A4S8JLC3;A0A4S8JLC3,1.2902500671701693,True
A0A4S8IPG1;A0A4S8IPG1,1.2902109083295936,True
A0A4S8I539;A0A4S8I539;A0A4S8I6Q1;A0A4S8I6Q1,1.289645723623433,True
A0A4S8K292;A0A4S8K292;A0A804J969;A0A804K4A5,1.2890051404473974,True
A0A4S8J0L3;A0A4S8J0L3;A0A804KR06,1.288743801556072,True
A0A4V4H517;A0A4V4H517,1.288091867742638,True
A0A4S8JSN8;A0A4S8JSN8,1.2872853306303056,True
A0A804J615,1.287095497906447,True
A0A4S8JQF6;A0A4S8JQF6;A0A804HU79,1.2857377741771923,True
A0A4S8KFU3;A0A4S8KFU3;A0A804IV88,1.2850423583652137,True
A0A4V4H8X1;A0A4V4H8X1;A0A804K698,1.2843981277491197,True
A0A804HY95,1.2841078272982223,True
A0A4V4H729;A0A4V4H729;A0A804II53,1.2836245871497713,True
A0A804HUH7,1.2835793532686997,True
A0A4S8IZX2;A0A4S8IZX2;A0A804KR58,1.2830988760352637,True
A0A804JX40,1.282779148912079,True
A0A804IAL3,1.2823984000470923,True
A0A4S8KGT2;A0A4S8KGT2,1.282396924170606,True
A0A804K6K9,1.2823003758289444,True
A0A4S8KCV9;A0A4S8KCV9;A0A804IQR6,1.2809764785749866,True
A0A4V4H5U3;A0A4V4H5U3;A0A804I7S4,1.2809178213617367,True
A0A4S8JJA8;A0A4S8JJA8;A0A804JQP4,1.2808618700247718,True
A0A804ISS2,1.2808365687582501,True
A0A804LBG2,1.2803699299940656,True
A0A804JD77,1.280363483140312,True
A0A804K8G5,1.2797365763373088,True
A0A804I7Y7,1.2794620454735615,True
A0A804KAE4,1.2784470554733793,True
A0A804J9Y4,1.2784078764554878,True
A0A804IMK6,1.2782732018811291,True
A0A4S8I796;A0A4S8I796;A0A804HY43,1.277678829310461,True
A0A804KX09,1.277604576115327,True
A0A4S8I9P3;A0A4S8I9P3;A0A804HXS1,1.2771264815289751,True
A0A4S8IAR9;A0A4S8IAR9;A0A804I3A6,1.2770201985980107,True
A0A804KK46,1.2767540185571937,True
A0A804I4C8,1.276144022203251,True
A0A4S8IGF6;A0A4S8IGF6;A0A804KHT2;A0A804KHT3;A0A804KHT4,1.2752988099789067,True
A0A4S8K431;A0A4S8K431;A0A804K751;A0A804K752,1.2745144763675038,True
A0A4S8JIT8;A0A4S8JIT8,1.2739303507669268,True
A0A4S8JXC8;A0A4S8JXC8,1.2736692370584555,True
A0A4S8KDQ8;A0A4S8KDQ8;A0A804IRU1,1.2729765710241057,True
A0A4S8JN01;A0A4S8JN01;A0A804HR90,1.272585592796991,True
A0A4S8J4M6;A0A4S8J4M6;A0A804L8W8,1.2723418200322094,True
A0A804JJN1,1.2717467365765402,True
A0A4S8K5W3;A0A4S8K5W3,1.2715641575548666,True
A0A4S8JP09;A0A4S8JP09,1.2709137593499784,True
A0A4S8JHK7;A0A4S8JHK7,1.2699952751393355,True
A0A804K798,1.269784506245142,True
A0A804K249,1.26873279995984,True
A0A4S8K1N8;A0A4S8K1N8;A0A804K3M0,1.2679532585801276,True
A0A804KCQ4,1.267399607748646,True
A0A4V4H4E7;A0A4V4H4E7;A0A804JPI8,1.2673761280995741,True
A0A4S8JTL3;A0A4S8JTL3;A0A804J434,1.2664045792013432,True
A0A804K7J2,1.2661772141540848,True
A0A4S8I2Z9;A0A4S8I2Z9;A0A4S8I603;A0A4S8I603;A0A4S8I6B1;A0A4S8I6B1,1.2661207308201055,True
A0A804K556,1.2659198904354851,True
A0A804L3J0,1.265775385108727,True
A0A4S8IQD1;A0A4S8IQD1;A0A804JJU0;A0A804JJU1,1.2656135333394147,True
A0A4S8IXZ4;A0A4S8IXZ4;A0A804KVA5,1.2654709354074662,True
A0A4S8JIA7;A0A4S8JIA7;A0A804JR20,1.265346358319687,True
A0A804JKY7,1.264593629215058,True
A0A4V4H5G6;A0A4V4H5G6;A0A804L785,1.2644228266822728,True
A0A4S8II50;A0A4S8II50,1.264324661222922,True
A0A804INU7,1.2640509088989713,True
A0A4S8JJG5;A0A4S8JJG5;A0A804IIH7,1.263784729221212,True
A0A4S8JRM9;A0A4S8JRM9,1.2628915186054628,True
A0A804JC77,1.2627415870672414,True
A0A804LBB4,1.2627143465867299,True
A0A804KU88,1.2624998182662537,True
A0A804J393,1.2619658577796709,True
A0A4V4H5M0;A0A4V4H5M0;A0A804L9K6,1.2613413604102153,True
A0A4S8IXE8;A0A4S8IXE8;A0A804KY97;A0A804KY98,1.2612306080002778,True
A0A4S8IE92;A0A4S8IE92,1.2611103282036888,True
A0A4V4H6E9;A0A4V4H6E9,1.261000253757173,True
A0A804JCK3;A0A804JCK4;A0A804JCK5;A0A804JCK6,1.2604017875436273,True
A0A4S8I9I0;A0A4S8I9I0;A0A804HZ18,1.2599943016908763,True
A0A804HV71,1.2597576254961849,True
A0A4S8J5D0;A0A4S8J5D0;A0A804L9Y8,1.2595174552033084,True
A0A4S8J6N7;A0A4S8J6N7;A0A804LAJ0;A0A804LAJ2,1.2582863813724259,True
A0A4S8JYW2;A0A4S8JYW2;A0A804J8U0,1.2577325235459238,True
A0A4S8J6Y3;A0A4S8J6Y3;A0A804LB11;A0A804LB12,1.2576557552659926,True
A0A804ITN6,1.2574781519315688,True
A0A4S8JSR0;A0A4S8JSR0;A0A804IZG9,1.257193706952835,True
A0A4V4H909;A0A4V4H909;A0A804K7V5,1.2571868774729127,True
A0A4S8I7P8;A0A4S8I7P8;A0A804HXP0,1.2570542625757752,True
A0A4S8KDY4;A0A4S8KDY4;A0A804ISC8,1.2569190025701187,True
A0A804K6Q9,1.2565546317220209,True
A0A4S8IGY3;A0A4S8IGY3;A0A804KKQ7,1.2560716031165648,True
A0A804KD64,1.2557221614902836,True
A0A804HZZ0,1.255519628053606,True
A0A4S8JMA5;A0A4S8JMA5,1.2553531743062831,True
A0A4S8K857;A0A4S8K857;A0A804KDP4,1.2550151275143502,True
A0A804JP10,1.2549806994938808,True
A0A4S8IQZ5;A0A4S8IQZ5;A0A804JHB1,1.2545967035168477,True
A0A4S8J9M9;A0A4S8J9M9;A0A4S8JR79;A0A4S8JR79;A0A804HVK0;A0A804HVK1;A0A804IBS2,1.2543565706815052,True
A0A804JJZ2,1.2539093784743098,True
A0A804KTF4,1.2528018102582927,True
A0A4S8JRM6;A0A4S8JRM6;A0A804HWB7,1.2526085118088661,True
A0A804KPY3,1.2525578192443787,True
A0A4S8JFQ4;A0A4S8JFQ4;A0A804JV71,1.2523347275898216,True
A0A804K4L4,1.252245537400752,True
A0A804HSF4,1.2521252594900019,True
A0A4S8JR73;A0A4S8JR73;A0A804HVI5;A0A804JS68,1.2519836453472721,True
A0A804HU31,1.251855123629187,True
A0A4S8K8R2;A0A4S8K8R2;A0A804IJI1;A0A804IJI2;A0A804IJI3;A0A804IJI4,1.2516938092580383,True
A0A804HY57,1.2515446603111435,True
A0A4S8J5T2;A0A4S8J5T2,1.251368077272461,True
A0A804L640,1.2502087883565176,True
A0A804L9U4,1.2498251420624082,True
A0A804IKU0,1.2492485497783694,True
A0A4S8IJY0;A0A4S8IJY0;A0A804JBL2;A0A804JBL3,1.2480082245411357,True
A0A804KAE6,1.2478534608138083,True
A0A804J266,1.2477373077072424,True
A0A4S8K9F2;A0A4S8K9F2;A0A804INE1,1.247320518750046,True
A0A804L760,1.24702410359951,True
A0A804KXB9,1.246703776411762,True
A0A804J5B7,1.2464937456270886,True
A0A4S8J4H0;A0A4S8J4H0,1.2462207567776347,True
A0A804K594;A0A804K595,1.2461891162786303,True
A0A804JTU3,1.245544917235627,True
A0A804KM68,1.2448051696039497,True
A0A4V4H9Y6;A0A4V4H9Y6;A0A804ISF8,1.2447077499870247,True
A0A804JDB1,1.2445962888689222,True
A0A804KT83,1.243848263940314,True
A0A804KEL2,1.24351412824185,True
A0A4S8K840;A0A4S8K840,1.241990847159886,True
A0A4S8JV91;A0A4S8JV91;A0A804J1L6,1.2409338196477044,True
A0A4S8JBK3;A0A4S8JBK3;A0A804IBZ5,1.2404931345746306,True
A0A4S8JQL8;A0A4S8JQL8;A0A804HU10,1.2399991053175492,True
A0A804KND8,1.2396202939747551,True
A0A4S8JEL3;A0A4S8JEL3;A0A804JWJ0,1.2391361387329027,True
A0A4S8KFG4;A0A4S8KFG4;A0A804IV01,1.239116171268767,True
A0A804JXZ3,1.2388090678538202,True
A0A804L932,1.2378148719019832,True
A0A804L796,1.2372514262569823,True
A0A804HTQ8,1.237203897375979,True
A0A804KVV6,1.2368421894959893,True
A0A804JZG2,1.236799339939353,True
A0A4S8K2S1;A0A4S8K2S1;A0A804K5A6,1.2359227581114232,True
A0A804J4H7,1.2352709496515704,True
A0A4S8I824;A0A4S8I824,1.2348383355107289,True
A0A804LA46,1.2347004272277182,True
A0A804KDF4;A0A804KDF5;A0A804KDF6;A0A804KDF7,1.2343197317493926,True
A0A804JRF8,1.2342740693815892,True
A0A4S8IV71;A0A4S8IV71,1.2342104786256827,True
A0A4S8JJW2;A0A4S8JJW2,1.2338442238443916,True
A0A804KMP7,1.2329188707733711,True
A0A804INC1,1.2323819211779368,True
A0A804JIW7;A0A804JIW8,1.2321577909369037,True
A0A804KB42,1.231659732160754,True
A0A4S8ICL2;A0A4S8ICL2;A0A804I406,1.2316536256696018,True
A0A4S8IGK5;A0A4S8IGK5;A0A804KJX0,1.2313720923039486,True
A0A804IZW6,1.231294892350053,True
A0A4S8JV35;A0A4S8JV35,1.2304903247374033,True
A0A804KZQ7,1.2304742246100682,True
A0A4S8JLF0;A0A4S8JLF0,1.2304461999645455,True
A0A4S8JJK1;A0A4S8JJK1;A0A804IHT6,1.23007616867794,True
A0A4S8K1I6;A0A4S8K1I6;A0A804K3C7,1.229360438217978,True
A0A804KPG9,1.2290168269905182,True
A0A4S8ILD5;A0A4S8ILD5,1.2284320263712316,True
A0A804HTN8;A0A804HTN9,1.2281144051063901,True
A0A4S8IV03;A0A4S8IV03;A0A804JNN4;A0A804JNN5;A0A804JNN6;A0A804JNN7,1.2277876371857406,True
A0A4S8JG69;A0A4S8JG69;A0A804JUW9,1.2274340171519287,True
A0A804IAZ3,1.2271681260194016,True
A0A4S8IYE9;A0A4S8IYE9;A0A804KWQ4,1.2270952557747166,True
A0A4V4H2P8;A0A4V4H2P8;A0A804I3E1,1.226656084147786,True
A0A4S8IHX7;A0A4S8IHX7;A0A804KM32,1.226410455075055,True
A0A4S8J580;A0A4S8J580;A0A804L9P6,1.226127508182511,True
A0A4S8JR23;A0A4S8JR23;A0A804HVA6,1.225356412768834,True
A0A4S8INI1;A0A4S8INI1,1.225233863583817,True
A0A804K440,1.224775039192799,True
A0A4S8JMP9;A0A4S8JMP9;A0A804HR50,1.2246582769457324,True
A0A4S8JSU9;A0A4S8JSU9;A0A804IZL3,1.2243038442342722,True
A0A804K9Z8,1.2242487614806379,True
A0A804ICP0,1.223591675795723,True
A0A4S8J0F6;A0A4S8J0F6;A0A804KTI5,1.223415919021642,True
A0A804IFN2,1.2228261377607028,True
A0A804JDV0,1.22251481290836,True
A0A804HW42,1.2218401779972947,True
A0A804HN39;A0A804HN40;A0A804HN41,1.2209935029195595,True
A0A4S8JH37;A0A4S8JH37;A0A804JV10,1.220834485960316,True
A0A804IDH3,1.2188777209326818,True
A0A4S8IGZ9;A0A4S8IGZ9;A0A804KH05,1.218613368830673,True
A0A804LA42,1.2183919114586417,True
A0A4S8JMJ9;A0A4S8JMJ9;A0A4S8K523;A0A4S8K523;A0A804IG56,1.2183866222804536,True
A0A804JNS8,1.2172926417656784,True
A0A804L3S9,1.2172200897059708,True
A0A804IB44,1.2162647060849965,True
A0A804JWH5,1.215764691178826,True
A0A4S8K8K1;A0A4S8K8K1,1.2157181311112732,True
A0A804JYR5,1.2155178118893117,True
A0A804KE84,1.2153387819280108,True
A0A804JK36,1.2150774137249285,True
A0A4S8JDW3;A0A4S8JDW3;A0A804JY43,1.214968581946206,True
A0A4S8J6R5;A0A4S8J6R5;A0A804I7B0,1.2145811829097313,True
A0A804J343,1.2143041053163195,True
A0A804I798,1.2137975331422446,True
A0A4S8JRJ5;A0A4S8JRJ5;A0A804HW93,1.2123193494282278,True
A0A804I7C9,1.2117868192157784,True
A0A4S8IP59;A0A4S8IP59,1.2101776078723008,True
A0A804K5G0,1.2094079718716428,True
A0A4S8K0U6;A0A4S8K0U6;A0A804K2C3,1.208899390071625,True
A0A4S8JPQ4;A0A4S8JPQ4;A0A804HR08,1.208831119117204,True
A0A4S8JR46;A0A4S8JR46;A0A4S8K8V4;A0A4S8K8V4;A0A804HVE7;A0A804IJT4,1.2079192498802866,True
A0A804IEW1;A0A804IEW3,1.2078282911349143,True
A0A4S8I7W5;A0A4S8I7W5;A0A804HYR4,1.207188001011715,True
A0A804JQ32,1.2065710364364646,True
A0A4S8IKM4;A0A4S8IKM4;A0A804KQJ6,1.2065651624713367,True
A0A4S8JTW3;A0A4S8JTW3;A0A804J3P0,1.2064109977628357,True
A0A804L9N0,1.2061723307050805,True
A0A4S8K5Z7;A0A4S8K5Z7,1.2059376187163777,True
A0A4S8K6A7;A0A4S8K6A7;A0A804KAI1,1.2056755584682364,True
A0A804IX69,1.2056332195995079,True
A0A4V4H372;A0A4V4H372;A0A804KJ27,1.2053513406954721,True
A0A804KSQ2,1.2048187934863623,True
A0A4V4H8L7;A0A4V4H8L7;A0A804K1N7,1.204548814226365,True
A0A4S8J5H3;A0A4S8J5H3,1.2041292886933097,True
A0A804HYJ0,1.2036531800140517,True
A0A804JK23,1.203328831806865,True
A0A4S8KEU7;A0A4S8KEU7;A0A804ITI0,1.2029330519451134,True
A0A4S8INR6;A0A4S8INR6;A0A804JGK2,1.2021670240359779,True
A0A4S8KEJ1;A0A4S8KEJ1;A0A804ITH7,1.2021069477130861,True
A0A4S8JVZ7;A0A4S8JVZ7;A0A4S8KFK9;A0A4S8KFK9;A0A804IUY6;A0A804J0I7,1.202056291675548,True
A0A4S8J8G4;A0A4S8J8G4;A0A4S8J9V5;A0A4S8J9V5;A0A4S8JBU3;A0A4S8JBU3,1.2019393729203782,True
A0A804JBT6,1.2018739886021672,True
A0A804I3D2,1.2017563178227617,True
A0A804IQB7,1.2015927497545926,True
A0A4S8J1E3;A0A4S8J1E3;A0A804L3Q3,1.2015268092565445,True
A0A4S8JGJ6;A0A4S8JGJ6,1.2012929434417916,True
A0A4V4H7M7;A0A4V4H7M7;A0A804HV89;A0A804HV90;A0A804HV91;A0A804HV92;A0A804HV93,1.2012195302488036,True
A0A4S8JS76;A0A4S8JS76;A0A804HXB9,1.200519843834323,True
A0A4S8JFY7;A0A4S8JFY7;A0A804JUU8;A0A804JUU9,1.1997478465573574,True
A0A4S8J7H3;A0A4S8J7H3;A0A804I8E7,1.1993606743872192,True
A0A4S8IBJ2;A0A4S8IBJ2;A0A804I4E9,1.198680701316844,True
A0A4S8IST2;A0A4S8IST2;A0A4S8J019;A0A4S8J019;A0A804IDQ3;A0A804JJW9;A0A804KVS5,1.198578082124717,True
A0A804IXY9,1.198397970081069,True
A0A804L591,1.197814594409517,True
A0A804HRQ3,1.1976004403976437,True
A0A804HQC0,1.1975492986925629,True
A0A4S8JRR7;A0A4S8JRR7;A0A4V4H9F7;A0A4V4H9F7;A0A804HWG3;A0A804IJR8,1.1974202675777945,True
A0A804HRZ7,1.1973968621327242,True
A0A804K729,1.19635601364688,True
A0A4S8KGK9;A0A4S8KGK9;A0A804IWJ5,1.1956150420134257,True
A0A4S8IQQ9;A0A4S8IQQ9;A0A804JIX7,1.1955594332232249,True
A0A4S8I955;A0A4S8I955;A0A804I089;A0A804I090,1.1954008658199444,True
A0A804JJ19,1.1950305423694276,True
A0A804ITH4,1.1947479106947516,True
A0A4S8KHL2;A0A4S8KHL2;A0A804IYC1,1.194534010554066,True
A0A4S8JLL7;A0A4S8JLL7;A0A804IIJ3,1.1944471391896496,True
A0A804I6M2;A0A804I6M3,1.1940035629442036,True
A0A4S8K2V1;A0A4S8K2V1;A0A804K5G6,1.1940016933599373,True
A0A4S8K8R5;A0A4S8K8R5;A0A804IJN5,1.193454167507944,True
A0A4S8IYA2;A0A4S8IYA2,1.193323890738392,True
A0A804KFD9,1.1930461762004043,True
A0A4S8K6A5;A0A4S8K6A5;A0A4S8KAV0;A0A4S8KAV0;A0A804IMY3;A0A804KAJ7,1.1926927298262648,True
A0A804J9M8,1.1916675273763282,True
A0A804J6U7,1.1915131390063933,True
A0A804ICG1,1.190565187125103,True
A0A4S8JDR7;A0A4S8JDR7,1.190541530976461,True
A0A804IBI6;A0A804IBI7,1.190389308101425,True
A0A804K6W4,1.1903115999540348,True
A0A804JRG6,1.1898360152069816,True
A0A4S8I9P5;A0A4S8I9P5,1.1896611207221721,True
A0A4S8I7T1;A0A4S8I7T1;A0A804HYK7,1.1895509841806666,True
A0A804J2L4,1.1891405797400108,True
A0A4V6T4M2;A0A4V6T4M2;A0A804K1B9,1.1889585690360955,True
A0A804HQX1,1.1886000324508588,True
A0A4S8JM44;A0A4S8JM44,1.1877990924841715,True
A0A4S8J0B1;A0A4S8J0B1;A0A804KRD0,1.1877786982838836,True
A0A804K8C0,1.1869961696083915,True
A0A804IIS2,1.1861996454528545,True
A0A804IWD9,1.1861391416875904,True
A0A804KSI6,1.1860955155248474,True
A0A804JHJ2,1.1845984977527002,True
A0A804JCD1,1.1845724422307407,True
A0A4S8JMV5;A0A4S8JMV5;A0A804HRG4;A0A804HRG6,1.184023316464132,True
A0A4S8IXH2;A0A4S8IXH2,1.1834431255399611,True
A0A804IHS2;A0A804IHS3,1.18321801673714,True
A0A804HN18,1.1830769378839967,True
A0A4V4H8Q9;A0A4V4H8Q9;A0A804IG10;A0A804K3N2,1.1830743440497558,True
A0A804L6L8,1.1823861306333037,True
A0A4S8J7P1;A0A4S8J7P1;A0A804I869,1.1823775143555342,True
A0A4S8IUY8;A0A4S8IUY8;A0A804L085;A0A804L086,1.1821733329949864,True
A0A804IJA9,1.182021734292488,True
A0A4S8JN24;A0A4S8JN24;A0A804HQ65,1.1813786423122594,True
A0A804JF02;A0A804JF03,1.1800688259889969,True
A0A4S8IMA8;A0A4S8IMA8;A0A804JDE5,1.1792224054398173,True
A0A804I856,1.1788079090179768,True
A0A4S8JTR0;A0A4S8JTR0;A0A804J3W9,1.1784694236162496,True
A0A4S8KC43;A0A4S8KC43;A0A804IQ03,1.1782264113202692,True
A0A804I7X8,1.1775846499796943,True
A0A4S8JUZ1;A0A4S8JUZ1,1.1775589564768159,True
A0A4S8IJH8;A0A4S8IJH8;A0A804JB02,1.1762160181942958,True
A0A804IMR1,1.1758644711693333,True
A0A804I9L7,1.1751067493097096,True
A0A804IZM2,1.1749743715231384,True
A0A4S8K740;A0A4S8K740;A0A804KBP5,1.1746046740636413,True
A0A804JJW5,1.1744564578398944,True
A0A804KY95,1.1734085045332436,True
A0A804KGN0,1.173363464191714,True
A0A4S8JKV7;A0A4S8JKV7;A0A4S8K1S6;A0A4S8K1S6;A0A804K3L5,1.1731542012684006,True
A0A804I9U7,1.173120607193811,True
A0A804IJU1,1.173001199304485,True
A0A804KKL2,1.172690021849165,True
A0A4S8IQ77;A0A4S8IQ77;A0A4S8JAJ0;A0A4S8JAJ0;A0A804JJI0;A0A804JJI1,1.1726703401005003,True
A0A4S8J2Z5;A0A4S8J2Z5;A0A804L686;A0A804L687,1.1719279237314488,True
A0A804K6M7,1.1715543463462426,True
A0A804KDE3,1.1712257648877873,True
A0A4V4H4T3;A0A4V4H4T3,1.1700079718860055,True
A0A4S8J5M0;A0A4S8J5M0;A0A4S8K7U9;A0A4S8K7U9;A0A804KCZ5;A0A804L6N3;A0A804L6N4;A0A804L6N5,1.169110192601302,True
A0A804KI64,1.167908757285763,True
A0A804I8G7,1.167627845008308,True
A0A804I126,1.167402875979284,True
A0A4S8JCW6;A0A4S8JCW6,1.167324088378391,True
A0A4S8IZI5;A0A4S8IZI5;A0A804KT40,1.1670676770065072,True
A0A804JIB1;A0A804JIB2;A0A804JIB3,1.1668321198102194,True
A0A804KNR3,1.1667409583940147,True
A0A804K3F9,1.1661226767885593,True
A0A4S8ITU4;A0A4S8ITU4;A0A804JPK4;A0A804JPK5,1.166020552239537,True
A0A4S8IXH6;A0A4S8IXH6;A0A4V4H8M6;A0A4V4H8M6;A0A804K240;A0A804KRN8,1.1655934557212453,True
A0A4S8K1L6;A0A4S8K1L6,1.1649135380506916,True
A0A804I7J1,1.1647666719890162,True
A0A4S8KG29;A0A4S8KG29,1.1641589270511452,True
A0A804LBC8,1.1641224756376285,True
A0A4S8IZ35;A0A4S8IZ35;A0A804KTF8;A0A804KTF9,1.1638210104324593,True
A0A4S8JHN0;A0A4S8JHN0;A0A804JV89,1.1633062148832638,True
A0A804J459,1.1630386802423622,True
A0A4S8JEZ7;A0A4S8JEZ7;A0A804I044;A0A804JWS2;A0A804JWS3,1.1627160273243144,True
A0A4V6T427;A0A4V6T427;A0A804JB82,1.162593586448456,True
A0A804LBC9,1.1624559533345866,True
A0A804J6V1,1.1616313450980003,True
A0A4S8J8Q2;A0A4S8J8Q2;A0A804LBI3,1.1616016758670367,True
A0A804IVD2,1.16114694132307,True
A0A804I2Q6,1.1609367892978688,True
A0A804L4C1,1.1607566531473292,True
A0A804K450,1.160742605078691,True
A0A804IGD1,1.16054382767542,True
A0A4S8J2S0;A0A4S8J2S0;A0A4S8K5D5;A0A4S8K5D5;A0A804KRB3,1.1603955679915139,True
A0A4S8J3Z0;A0A4S8J3Z0;A0A804L7L7;A0A804L7L8,1.1603095755492085,True
A0A4V6T4G8;A0A4V6T4G8;A0A804IG08,1.1602299030234156,True
A0A4S8JRQ7;A0A4S8JRQ7;A0A804HWR8,1.1596563104977364,True
A0A4S8JRN4;A0A4S8JRN4;A0A804HWS5,1.1586604481195142,True
A0A804J4F0,1.1583501354408585,True
A0A4S8IGH6;A0A4S8IGH6;A0A804KJS9,1.157466490584076,True
A0A804HYW6,1.1566764976520674,True
A0A804K998,1.1566664257808381,True
A0A4S8J1P7;A0A4S8J1P7,1.15644349976611,True
A0A4S8IHL0;A0A4S8IHL0,1.1562157733527423,True
A0A804HVL2;A0A804HVL3,1.1560984782259611,True
A0A4S8JSR1;A0A4S8JSR1;A0A804IZE2,1.1554747467339115,True
A0A804IJC5,1.1547847985410713,True
A0A4S8IKI5;A0A4S8IKI5,1.1547003885868075,True
A0A4S8KAM3;A0A4S8KAM3;A0A804IMK3,1.1546807219898458,True
A0A4S8JA17;A0A4S8JA17;A0A4S8JH70;A0A4S8JH70;A0A4S8KEZ9;A0A4S8KEZ9;A0A804IU00;A0A804JST7,1.1544870935260434,True
A0A804JFT5,1.1543790166890462,True
A0A804KPF9,1.153994357357532,True
A0A4S8I7J1;A0A4S8I7J1;A0A804HXV7,1.1539864487375346,True
A0A804HX53,1.1522145092233944,True
A0A804I1G8;A0A804I1G9,1.1492525233992108,True
A0A804HY28;A0A804HY29,1.1486676358149182,True
A0A804IAN3,1.1486055353289568,True
A0A804KK93,1.148247969127777,True
A0A804L980,1.1479636017477044,True
A0A804KU46,1.1477798866714282,True
A0A4S8IHZ5;A0A4S8IHZ5,1.1477397834857919,True
A0A4S8JG26;A0A4S8JG26;A0A804JUN8,1.1470725862728,True
A0A804KE90,1.1469521019797877,True
A0A804JCH7;A0A804JCH8,1.1468984553592754,True
A0A4S8IZF8;A0A4S8IZF8;A0A804KU86,1.1467716559901526,True
A0A804K021,1.145490524658873,True
A0A4S8JD88;A0A4S8JD88;A0A804JYS0,1.1454655750726324,True
A0A4S8I4N3;A0A4S8I4N3;A0A4S8I575;A0A4S8I575;A0A4S8I740;A0A4S8I740,1.1452366720581477,True
A0A804KDR0;A0A804KDR2,1.1451911613641814,True
A0A4S8JJF1;A0A4S8JJF1;A0A804JSE9,1.1444096712140865,True
A0A4S8JI92;A0A4S8JI92;A0A804JR48,1.1440628851721177,True
A0A4S8JBU2;A0A4S8JBU2;A0A804HNS1,1.1439100618931843,True
A0A804I9C8,1.143886564994442,True
A0A4S8IS47;A0A4S8IS47;A0A804JJ57,1.1432361451506239,True
A0A4S8JGS6;A0A4S8JGS6;A0A4S8KD72;A0A4S8KD72;A0A804IR51;A0A804JWF0,1.1424798860670307,True
A0A804JMB5,1.1424655541933377,True
A0A4S8IXL0;A0A4S8IXL0;A0A804KVP8,1.142258927379916,True
A0A4S8IUA9;A0A4S8IUA9;A0A804L1E3,1.1422299715100164,True
A0A804IQF2,1.1418458927824053,True
A0A804L4Q0,1.1414097811362163,True
A0A4S8JLG3;A0A4S8JLG3;A0A804IGU9,1.1413297511899043,True
A0A804KA58,1.1409204431858972,True
A0A804KJZ2;A0A804KJZ3;A0A804KJZ4;A0A804KJZ5;A0A804KJZ7;A0A804KJZ8,1.1406113416949328,True
A0A804IIA2,1.1404206550540588,True
A0A804KE61,1.1402901606622595,True
A0A804I588,1.1399184107110054,True
A0A804L1Z9,1.1394455434411537,True
A0A4S8IKH6;A0A4S8IKH6;A0A804JCL0,1.1392937651264183,True
A0A4S8JEB6;A0A4S8JEB6;A0A804JXE8,1.1387016518578232,True
A0A804HVN1,1.1387016393951241,True
A0A4S8JBD9;A0A4S8JBD9;A0A804IE88,1.13863880938151,True
A0A804KMB0,1.1384933091193363,True
A0A4S8IT68;A0A4S8IT68;A0A804JPU4,1.1384098930495128,True
A0A4V4H400;A0A4V4H400;A0A804JHX3,1.1383583195176552,True
A0A804IQ08,1.138159845766264,True
A0A804KT99,1.1376832336153022,True
A0A804I7Y3,1.1374312958911896,True
A0A804JGS1,1.137332182237475,True
A0A804JSB6,1.1371092151035336,True
A0A4S8IM27;A0A4S8IM27,1.1367868132082515,True
A0A4S8J8E0;A0A4S8J8E0;A0A804I859;A0A804I862;A0A804I863,1.136506388464253,True
A0A804JTK9,1.136138350258516,True
A0A804I9Z5,1.1341395933237006,True
A0A4S8K3B5;A0A4S8K3B5,1.1340907886284126,True
A0A4S8IAN8;A0A4S8IAN8;A0A804I357,1.1340141031053315,True
A0A4S8JQL4;A0A4S8JQL4;A0A804HTY8,1.1336357160849289,True
A0A4V4H5B0;A0A4V4H5B0;A0A804L4E0,1.133560467358447,True
A0A4S8JGQ2;A0A4S8JGQ2;A0A804JTM4,1.1333590447031963,True
A0A804HQZ5,1.132847922013767,True
A0A804KMM9,1.1327714845822172,True
A0A4S8JYQ2;A0A4S8JYQ2,1.1320043853040898,True
A0A804JTM7,1.131586102621034,True
A0A4S8K399;A0A4S8K399;A0A4S8K3A6;A0A4S8K3A6;A0A4V4H8W4;A0A4V4H8W4;A0A804K610,1.1314581753487536,True
A0A4S8JY37;A0A4S8JY37,1.1307567857136835,True
A0A4S8JGW7;A0A4S8JGW7;A0A804JTQ3,1.1306533189683143,True
A0A804ITL5,1.1302840287724334,True
A0A804INQ0,1.1301134076129011,True
A0A4S8I7I0;A0A4S8I7I0;A0A804HY58,1.129773650705619,True
A0A4S8IX00;A0A4S8IX00,1.1294999329940263,True
A0A804K4C3,1.1293587936871503,True
A0A4S8JEP7;A0A4S8JEP7;A0A804HMT0,1.1293376945078402,True
A0A804I7I0,1.1293093437672503,True
A0A804INE8,1.1290943911725648,True
A0A4S8KEZ2;A0A4S8KEZ2;A0A804ITZ2,1.1290251550268888,True
A0A4S8KG70;A0A4S8KG70,1.128860439379075,True
A0A4S8JPE0;A0A4S8JPE0;A0A804HTS6,1.1287947960004077,True
A0A4S8KAI2;A0A4S8KAI2,1.12866741028382,True
A0A804JAT5,1.1279354241095245,True
A0A4S8JJL2;A0A4S8JJL2,1.127661933822702,True
A0A4S8II94;A0A4S8II94;A0A804KIZ4,1.1273525291582744,True
A0A4S8JE53;A0A4S8JE53;A0A804JY87,1.1273489631483142,True
A0A4S8JIA6;A0A4S8JIA6;A0A804JRD8,1.127297720262635,True
A0A804HRS7,1.1272378086292774,True
A0A804HM06,1.1272202134064773,True
A0A4S8ID95;A0A4S8ID95;A0A804KEU8,1.1257183541884355,True
A0A4S8J9M4;A0A4S8J9M4;A0A804IBS9;A0A804IBT0;A0A804IBT1,1.125343040704263,True
A0A4S8IUK3;A0A4S8IUK3;A0A804L0Y0,1.1247394405005626,True
A0A4S8JQB6;A0A4S8JQB6;A0A804HUB0,1.124063784736957,True
A0A804IUQ2,1.1235410953972438,True
A0A804I299,1.1233365585895918,True
A0A4S8JDY7;A0A4S8JDY7,1.1230323335086714,True
A0A804L7A0;A0A804L7A1,1.1230067052355746,True
A0A804KG25,1.1224298503212733,True
A0A804IIY9;A0A804IIZ0,1.1223826489159763,True
A0A804IU90,1.1221834636451973,True
A0A804HY93,1.1221730571050965,True
A0A804KS40,1.122141119692464,True
A0A4S8K5L5;A0A4S8K5L5;A0A804K9L1,1.1217132746794256,True
A0A804IQX1,1.121565596685005,True
A0A4S8KCP9;A0A4S8KCP9;A0A804IQ78,1.1214444798766292,True
A0A4V4H330;A0A4V4H330;A0A804JKZ8;A0A804KHA9,1.121193233035982,True
A0A4V4H858;A0A4V4H858;A0A804J0S8,1.1206027653850006,True
A0A804KRB6,1.1203331823540665,True
A0A4S8K9N4;A0A4S8K9N4;A0A804IL42,1.119719255834832,True
A0A804HPW5,1.1194857366478983,True
A0A4S8J1A6;A0A4S8J1A6;A0A804L3J1,1.1191125714269945,True
A0A4V4H4Q0;A0A4V4H4Q0;A0A804KYD1,1.118816623808411,True
A0A804J5G5,1.1187635217124308,True
A0A804K714,1.1179975370371698,True
A0A804I787,1.117428866258402,True
A0A804HZ47;A0A804JIV1,1.1173732706922281,True
A0A4S8I6R3;A0A4S8I6R3;A0A804J6D9,1.1168482989197066,True
A0A4S8J3V5;A0A4S8J3V5;A0A804L7G3,1.1167154391573828,True
A0A804KDK3,1.1164042628837665,True
A0A804KI58,1.1163841156941834,True
A0A4S8IYE1;A0A4S8IYE1;A0A804KUK0,1.1163532601753137,True
A0A4S8IJ69;A0A4S8IJ69;A0A4S8IPB0;A0A4S8IPB0;A0A804JIJ9;A0A804KQC3,1.1155886645871824,True
A0A804KYL7,1.1151455896686793,True
A0A4S8JN37;A0A4S8JN37;A0A804HR69,1.1149551522802557,True
A0A804IK02,1.1148923684451288,True
A0A804J3E2,1.114447833934213,True
A0A804KNK9,1.1143582480386724,True
A0A4S8J6L9;A0A4S8J6L9;A0A804L855,1.1142619910069278,True
A0A804LAI1,1.11402516075222,True
A0A804K5E2,1.1140165989738557,True
A0A804KH84,1.1139066183328545,True
A0A4S8K731;A0A4S8K731;A0A804KBM6,1.1137937244454759,True
A0A4S8K0U8;A0A4S8K0U8;A0A804K226,1.11310796588806,True
A0A804IJN3,1.1128527329812006,True
A0A804KX61;A0A804KX62,1.1127802224931906,True
A0A804JZM5,1.112478007003694,True
A0A804J317,1.110917615150235,True
A0A4S8IK95;A0A4S8IK95;A0A804JC17,1.1093967808390193,True
A0A4S8JLK6;A0A4S8JLK6,1.1085797276496279,True
A0A804JTI5,1.108429467345904,True
A0A4S8JMU1;A0A4S8JMU1;A0A804HQX7,1.1084003156471125,True
A0A804L6P1,1.107731159511098,True
A0A4S8IPZ4;A0A4S8IPZ4;A0A804JJC1;A0A804JJC2,1.107686541226777,True
A0A804IUE6,1.1075894009102687,True
A0A804IN70,1.1073586243135338,True
A0A4S8JCA5;A0A4S8JCA5;A0A804ID07,1.107072261123054,True
A0A4S8IKG0;A0A4S8IKG0;A0A804KQ90;A0A804KQ91,1.1068502256654922,True
A0A804IWR7,1.1068382076601595,True
A0A804JLB9,1.1066727561355254,True
A0A4S8I8H9;A0A4S8I8H9;A0A804HZA1,1.106572823099505,True
A0A804HPP5,1.1064885835243639,True
A0A804IQ12,1.1064612295700413,True
A0A4S8JT51;A0A4S8JT51;A0A804J020,1.1060614625280405,True
A0A804I9U3,1.1055166002330814,True
A0A804JN11,1.1054922450788323,True
A0A4S8JJN8;A0A4S8JJN8;A0A804II28;A0A804II29,1.1048510707044326,True
A0A4S8K2T5;A0A4S8K2T5;A0A804K599,1.1046764096295087,True
A0A804K402,1.1046053045833124,True
A0A4V4H8K5;A0A4V4H8K5;A0A804JAW2;A0A804JAW3,1.1041113528878965,True
A0A4S8IV05;A0A4S8IV05;A0A804L1G1,1.1037903205237989,True
A0A4S8IL89;A0A4S8IL89,1.1030898874022588,True
A0A804HRJ0,1.102992853388702,True
A0A804K2K7,1.1029821646703009,True
A0A4S8ITT5;A0A4S8ITT5;A0A804L1Y2,1.1028320786209338,True
A0A804JTK2;A0A804JTK3,1.1025053535404534,True
A0A4S8J0P5;A0A4S8J0P5,1.1022259398505843,True
A0A4S8IX64;A0A4S8IX64;A0A804KWL6,1.1020433698590544,True
A0A4S8IZU2;A0A4S8IZU2;A0A804KS30,1.1017549789110146,True
A0A804I8T8,1.1017154987526094,True
A0A4S8K054;A0A4S8K054;A0A804JAU8,1.1013711770232955,True
A0A804IGT9,1.1013031277944436,True
A0A804K891,1.1010321177656741,True
A0A4S8KG14;A0A4S8KG14,1.1009868088229995,True
A0A4S8KGD4;A0A4S8KGD4;A0A804IVG0,1.100611823742284,True
A0A4S8J526;A0A4S8J526;A0A804L990,1.099188577369909,True
A0A804J4S9;A0A804J4T0,1.0990907333041948,True
A0A4S8IZE3;A0A4S8IZE3;A0A804KUB6,1.09907800586269,True
A0A4V4H3V3;A0A4V4H3V3,1.0988545404264016,True
A0A804L2P6,1.098811148621811,True
A0A804IFF4,1.0987873704783293,True
A0A804L2W4,1.0976221481895043,True
A0A4S8JJV5;A0A4S8JJV5;A0A804IHA8,1.0973949251016595,True
A0A4S8J111;A0A4S8J111,1.09733778126554,True
A0A4S8I962;A0A4S8I962;A0A804I0K9;A0A804I0L0,1.0971788990635702,True
A0A804I4A1,1.0968549677135007,True
A0A804IN06,1.096772522930973,True
A0A804K6Y1,1.0967712944256371,True
A0A4S8K8Y0;A0A4S8K8Y0;A0A804IJW9,1.0965718785611613,True
A0A804JE62,1.096108831784576,True
A0A804L2R1,1.0958798506868739,True
A0A804JAS6,1.0952117522377283,True
A0A804LB85,1.0951605894653964,True
A0A804JPR9,1.0950532839286113,True
A0A804KND7,1.0948228996179599,True
A0A4S8ICI0;A0A4S8ICI0;A0A804I2C4,1.094638396957824,True
A0A4S8JV49;A0A4S8JV49;A0A804J1U3,1.0946224636333506,True
A0A804JKG5,1.094502659174451,True
A0A804L483,1.094376582905196,True
A0A4S8K6G0;A0A4S8K6G0,1.0938506415712514,True
A0A804L0C9,1.0937607125854651,True
A0A4S8IL22;A0A4S8IL22;A0A804JDE6,1.093151746314813,True
A0A4S8I9G5;A0A4S8I9G5;A0A804I141,1.0926232187976017,True
A0A4V4H817;A0A4V4H817;A0A804J261;A0A804JZ88,1.0925675869005018,True
A0A804KFN7,1.0925465743920852,True
A0A804JJX4,1.0923944480260264,True
A0A804HM88,1.0920893066933037,True
A0A4S8JZ35;A0A4S8JZ35,1.091922128412027,True
A0A4S8JB29;A0A4S8JB29,1.0919213564641304,True
A0A4S8K3K9;A0A4S8K3K9,1.0918498433313113,True
A0A4S8IRE8;A0A4S8IRE8;A0A804JLV9,1.091762168406414,True
A0A4S8JSY6;A0A4S8JSY6;A0A4S8KI17;A0A4S8KI17;A0A804IYT6;A0A804IZQ1,1.0914984577526445,True
A0A804JZ93,1.0913724787488062,True
A0A4S8IS49;A0A4S8IS49,1.0913010656041313,True
A0A4S8IK46;A0A4S8IK46;A0A804JBW4,1.0911725384891393,True
A0A804KCN8,1.0904071965441764,True
A0A804KE56,1.0901381119005191,True
A0A4S8ITJ4;A0A4S8ITJ4;A0A804L2D7,1.0900452575212298,True
A0A4S8J6M3;A0A4S8J6M3;A0A804I712,1.089991330892204,True
A0A804IJ42,1.0899460121579405,True
A0A4S8JW13;A0A4S8JW13;A0A804J0I2,1.0896672325597534,True
A0A4S8J8R6;A0A4S8J8R6;A0A804IAF0,1.0890284297025752,True
A0A4S8J4G5;A0A4S8J4G5,1.0887848289550839,True
A0A4S8IPT4;A0A4S8IPT4,1.0886680912031543,True
A0A4V4H5S6;A0A4V4H5S6;A0A804I6Y3;A0A804I6Y4,1.088598233942745,True
A0A804KIK9,1.0879728590350994,True
A0A804KUD6,1.087678595700229,True
A0A4S8J2Y9;A0A4S8J2Y9;A0A804L4U7,1.0876131540192182,True
A0A804IL33;A0A804IL34,1.0873516151396736,True
A0A804HT97,1.086797919373372,True
A0A4S8JNB7;A0A4S8JNB7;A0A804IFI7,1.0859925444617955,True
A0A4S8IC78;A0A4S8IC78,1.0858677837294286,True
A0A4S8IZ33;A0A4S8IZ33;A0A804KSH6,1.085744638468652,True
A0A4S8I5F5;A0A4S8I5F5;A0A4S8I5N7;A0A4S8I5N7;A0A4S8I600;A0A4S8I600;A0A4S8I888;A0A4S8I888,1.085681156958627,True
A0A804I9Y8,1.0855945188335825,True
A0A804HSE2,1.0852324819002686,True
A0A804IBX9,1.0848686963583882,True
A0A4S8J9S7;A0A4S8J9S7;A0A804IC52,1.0837646756845203,True
A0A4S8KGF9;A0A4S8KGF9;A0A804IW68,1.0837249851595696,True
A0A4S8INL8;A0A4S8INL8,1.0834952637840218,True
A0A4S8JR92;A0A4S8JR92;A0A804HVM7,1.0833724917918715,True
A0A4S8JCT8;A0A4S8JCT8;A0A804IN98;A0A804K0B5,1.0832512363643232,True
A0A804J1V3;A0A804J1V4,1.0829129616112658,True
A0A4S8IM28;A0A4S8IM28;A0A804JF08,1.0829106676689213,True
A0A804KW71,1.0828068205282921,True
A0A804IZI7,1.0828009913178003,True
A0A4S8J4W5;A0A4S8J4W5;A0A804L997,1.0825862064534932,True
A0A4S8JDE5;A0A4S8JDE5;A0A804JYV5,1.0818242177182962,True
A0A804JBA7,1.081807547951087,True
A0A4S8IY93;A0A4S8IY93;A0A804KUR4,1.0817171058702988,True
A0A4S8JFD7;A0A4S8JFD7,1.0815846395678672,True
A0A804I3W6;A0A804I3W8,1.0815169168938197,True
A0A804IMD2,1.0814617070194306,True
A0A804J466,1.081225607402979,True
A0A4S8K1T5;A0A4S8K1T5;A0A804K3S8,1.0812095047814503,True
A0A804KJ06,1.080966169484574,True
A0A804IGL2,1.080749620339053,True
A0A4S8KGM9;A0A4S8KGM9;A0A804IWI9,1.0806836439316365,True
A0A4S8JQF3;A0A4S8JQF3;A0A804HT20,1.0806214579886058,True
A0A4S8KA25;A0A4S8KA25,1.0804756544365233,True
A0A4S8K1Y1;A0A4S8K1Y1,1.0801458396468402,True
A0A804IYU1,1.0799234173550083,True
A0A804IMF0,1.0798589070807274,True
A0A804HTG0;A0A804HTG3,1.079573356684049,True
A0A4S8JW47;A0A4S8JW47;A0A804J0D7,1.0794247909820953,True
A0A4S8JT80;A0A4S8JT80;A0A804J054,1.0789355949530957,True
A0A4S8KDW7;A0A4S8KDW7;A0A804ISA3,1.0782944513406467,True
A0A4S8JCZ6;A0A4S8JCZ6;A0A804JZ79,1.0779112332089298,True
A0A804J3A8,1.0779050661460634,True
A0A4S8JFJ6;A0A4S8JFJ6;A0A4S8JVB2;A0A4S8JVB2;A0A804J1K7;A0A804JVH9,1.0777159053416845,True
A0A804K3D7,1.077377336465029,True
A0A4S8IEL3;A0A4S8IEL3;A0A804KH43,1.0773414603971598,True
A0A804JPK0,1.0768895625938375,True
A0A804HWJ3,1.076831647122702,True
A0A804IF89,1.0767648896652167,True
A0A4S8JPF2;A0A4S8JPF2,1.0764265023799615,True
A0A4S8JG06;A0A4S8JG06;A0A804JUS5,1.0760939132801444,True
A0A4S8IAZ7;A0A4S8IAZ7;A0A804I3M2,1.0759007811209236,True
A0A804J8W2,1.0757866153434927,True
A0A4S8IJ13;A0A4S8IJ13,1.0757190608995795,True
A0A4S8J6D0;A0A4S8J6D0;A0A804L9Z3,1.0752012588705648,True
A0A804KM60,1.0746015172208643,True
A0A4S8J2Z1;A0A4S8J2Z1;A0A804L6D9,1.073941251591068,True
A0A804KJ92,1.0738821907272587,True
A0A4S8IG28;A0A4S8IG28;A0A4V4H5X2;A0A4V4H5X2;A0A804I901,1.0733776686538505,True
A0A4S8J576;A0A4S8J576;A0A804L7F0,1.0732092252653227,True
A0A804JEK4,1.0731818029895335,True
A0A4S8JNA8;A0A4S8JNA8;A0A804IFK1,1.0727677089311063,True
A0A804KWS2,1.072553765701649,True
A0A4S8KF46;A0A4S8KF46,1.072328877736351,True
A0A804LA48,1.0721644645705106,True
A0A804L4A4,1.0719907852105526,True
A0A804L3Z2,1.07156441394069,True
A0A804L400,1.0715625209291026,True
A0A804IML3,1.071410838481338,True
A0A4S8JCL5;A0A4S8JCL5;A0A804ICH5,1.0713716409052203,True
A0A804JGB5,1.0712263369051809,True
A0A804KZL0,1.0711958705374196,True
A0A4S8JXJ4;A0A4S8JXJ4;A0A804J6R0,1.070779766833866,True
A0A4S8K5A0;A0A4S8K5A0,1.0707560536475833,True
A0A804JFU7,1.070738120371254,True
A0A804LAI0,1.0703444080987634,True
A0A4S8IAG0;A0A4S8IAG0;A0A804HZ13,1.0689196667886263,True
A0A804KN50,1.0686050633144555,True
A0A804JT41,1.068360723353457,True
A0A4S8IQ85;A0A4S8IQ85;A0A804JDK9;A0A804JGT8;A0A804JJS5;A0A804JJS6,1.068200536488653,True
A0A804HYS1,1.06809535855919,True
A0A4S8KC32;A0A4S8KC32,1.0680739847260707,True
A0A4S8IEP2;A0A4S8IEP2;A0A804KH63,1.0676121654039883,True
A0A4S8JQK7;A0A4S8JQK7;A0A804HT84,1.066694873847908,True
A0A804IA60,1.0666805858681896,True
A0A4S8JJR7;A0A4S8JJR7,1.0665280319483685,True
A0A804KL54,1.0658930606550376,True
A0A804KVV0,1.065388865222162,True
A0A804K1X2,1.064237606231907,True
A0A804K0C9,1.0640194141226682,True
A0A4S8JPZ5;A0A4S8JPZ5;A0A804HRK2;A0A804HRK3;A0A804HRK4,1.0640059589348327,True
A0A4S8K717;A0A4S8K717,1.0634248588825168,True
A0A804KTS4,1.0628277979302978,True
A0A804HPK4;A0A804KLZ6,1.0626911997795592,True
A0A804JWW9,1.0625584916076976,True
A0A4S8JDQ2;A0A4S8JDQ2;A0A804JYW0,1.0623232347028246,True
A0A4S8JTM1;A0A4S8JTM1;A0A804J438,1.0615737056533094,True
A0A804IJL4;A0A804IMJ5;A0A804JPU7,1.0610078179645959,True
A0A804IF46,1.059977085536258,True
A0A804K5L6,1.0599260365886478,True
A0A4V4H7V5;A0A4V4H7V5,1.0596807382440567,True
A0A804JGV2,1.0594791319092924,True
A0A804KQL1,1.0584370004542643,True
A0A804HUS8,1.058286840152189,True
A0A804KBC4,1.0578732553102983,True
A0A4S8JWR3;A0A4S8JWR3;A0A804J605,1.0567567631694643,True
A0A4S8IH87;A0A4S8IH87;A0A804KL67,1.0563797523520784,True
A0A804JIJ5,1.0562756276147809,True
A0A804JB25,1.0561426176692916,True
A0A804INS0,1.0560183146333815,True
A0A804L157;A0A804L158;A0A804L159,1.0559999547528909,True
A0A804KUX4,1.055807214277585,True
A0A804J7A2,1.05556912360554,True
A0A4S8J500;A0A4S8J500;A0A804L9C3,1.055499518534535,True
A0A804IE39,1.055453076178864,True
A0A4S8IZ59;A0A4S8IZ59;A0A804KVJ9,1.0551597404517372,True
A0A4S8KCH0;A0A4S8KCH0;A0A804IGE8,1.0551074361860984,True
A0A804L1E7,1.0534224121178932,True
A0A804JSY7,1.053316238013449,True
A0A4S8IR49;A0A4S8IR49;A0A804JLA6,1.0531898917252929,True
A0A4S8JPG6;A0A4S8JPG6,1.052973101693407,True
A0A4S8I4C7;A0A4S8I4C7;A0A4S8I522;A0A4S8I522;A0A4S8I6F1;A0A4S8I6F1;A0A4S8I6L8;A0A4S8I6L8,1.052585688469066,True
A0A804INW0,1.05218340150743,True
A0A4S8JKW2;A0A4S8JKW2;A0A804IFI6,1.0519047880559338,True
A0A4S8K9V0;A0A4S8K9V0;A0A804ILA5;A0A804ILA6,1.0519017810089202,True
A0A4S8ID46;A0A4S8ID46;A0A804KEL5,1.051876939019514,True
A0A804I053,1.0516156444575775,True
A0A4S8JHR2;A0A4S8JHR2;A0A804JRX3;A0A804JRX4,1.051511972364918,True
A0A804KTE9,1.051508339299752,True
A0A4S8IGE5;A0A4S8IGE5;A0A4S8IJJ2;A0A4S8IJJ2;A0A4S8J791;A0A4S8J791;A0A804I829;A0A804JB38,1.0513383770061564,True
A0A4V4HA16;A0A4V4HA16;A0A804ITN1,1.0512776328927609,True
A0A4S8IMB0;A0A4S8IMB0;A0A804JFK4,1.0512550653499506,True
A0A4S8JLN1;A0A4S8JLN1;A0A804HNY9,1.051013444633703,True
A0A4S8K365;A0A4S8K365;A0A804K5X6,1.0509866175874847,True
A0A4S8JW33;A0A4S8JW33,1.0504232605331507,True
A0A4V6T4D0;A0A4V6T4D0,1.0502214724427483,True
A0A804J3X4,1.050057725694389,True
A0A4S8KDS8;A0A4S8KDS8;A0A804IS15,1.049230702071535,True
A0A4S8J985;A0A4S8J985;A0A804IB53,1.049024977527056,True
A0A804IJE8,1.0483223227738965,True
A0A4S8K3A5;A0A4S8K3A5,1.0483047557363872,True
A0A804I289,1.048261763768161,True
A0A804KVI4,1.0481677178743527,True
A0A4S8JNY8;A0A4S8JNY8;A0A804HST5,1.0478412082946316,True
A0A4S8IV63;A0A4S8IV63;A0A804KZX4,1.0464297984656068,True
A0A804KN87,1.0459227090077152,True
A0A804L058;A0A804L059,1.0457557028192332,True
A0A804I8L8,1.0456713601964491,True
A0A4S8IY81;A0A4S8IY81;A0A804KUQ0,1.045262455401625,True
A0A4S8IMX1;A0A4S8IMX1;A0A4S8IX72;A0A4S8IX72;A0A804JGH6;A0A804KWF2,1.044875943995372,True
A0A804KMW5,1.0447154810518564,True
A0A804L5I2,1.044570844889037,True
A0A4S8JGJ2;A0A4S8JGJ2;A0A804JVR1,1.0445075966618165,True
A0A4S8JM88;A0A4S8JM88,1.044486917779289,True
A0A4S8J0M6;A0A4S8J0M6,1.0443660329281326,True
A0A804J250,1.0443126263739955,True
A0A804J6S5,1.044252207209752,True
A0A4S8JUY7;A0A4S8JUY7;A0A804J222;A0A804K198,1.0440084497929543,True
A0A804I1E4,1.0437526378023296,True
A0A804K3S6,1.0432860122217074,True
A0A4S8JU37;A0A4S8JU37;A0A804J3D0,1.043252350586889,True
A0A804JGC3,1.043073349770644,True
A0A804HZ38,1.0428314391921556,True
A0A804JCT7,1.0425246653079239,True
A0A804K619,1.0422384309027066,True
A0A804KR68,1.0412876675483176,True
A0A4V4H5Z8;A0A4V4H5Z8,1.0411431179724764,True
A0A4S8KH77;A0A4S8KH77,1.0411258492286732,True
A0A804KN43,1.0411220310070957,True
A0A804JWB4,1.0402726805934839,True
A0A804IIY8,1.0402701387014617,True
A0A804KYD3,1.0401988197794152,True
A0A4S8I999;A0A4S8I999;A0A804I0T0,1.039968200787597,True
A0A804JMR3,1.03967202024008,True
A0A4S8JQV2;A0A4S8JQV2;A0A804HUZ0,1.0395245778644164,True
A0A4S8JKE5;A0A4S8JKE5;A0A4S8K1B6;A0A4S8K1B6;A0A804IGW2,1.0392114521878557,True
A0A4S8IEM2;A0A4S8IEM2;A0A804KH54;A0A804KH55,1.0389217322149722,True
A0A804L0Y9,1.0386934193424378,True
A0A804K8D1,1.038577667433695,True
A0A4S8JE41;A0A4S8JE41;A0A804JZE0,1.0384451994193322,True
A0A804KEB2,1.0384289294954274,True
A0A804KEJ8,1.0383375954277567,True
A0A804I138,1.0383263436096712,True
A0A4S8JAG4;A0A4S8JAG4;A0A4S8K6Z2;A0A4S8K6Z2;A0A804ICV5;A0A804KBN1,1.0378824413602865,True
A0A804J616,1.0375068668683012,True
A0A4S8JB96;A0A4S8JB96;A0A4V4H560;A0A4V4H560;A0A804IDP2;A0A804JU90;A0A804KRM5,1.0368814387967111,True
A0A4S8K594;A0A4S8K594;A0A804K941,1.0366607072655853,True
A0A4S8JIX6;A0A4S8JIX6;A0A804JS48,1.0363205390952965,True
A0A4S8J6F4;A0A4S8J6F4;A0A804LBP3,1.0362140966939786,True
A0A804IH58,1.0361729045028825,True
A0A804JWZ4,1.0360351603505813,True
A0A804KAN0,1.0360294750507895,True
A0A4S8IFH8;A0A4S8IFH8;A0A804KGE1,1.0358912207438429,True
A0A4V4H4C7;A0A4V4H4C7,1.0357603641077424,True
A0A4S8K0Z8;A0A4S8K0Z8;A0A804K2D9,1.0354732125818966,True
A0A804L594,1.0351386817334562,True
A0A4S8IBJ3;A0A4S8IBJ3;A0A804I4H5,1.0344983410462107,True
A0A804K4Q6,1.0344528819295542,True
A0A4S8IL30;A0A4S8IL30;A0A804JD81,1.034449966718759,True
A0A4S8JRW2;A0A4S8JRW2;A0A4S8JUQ4;A0A4S8JUQ4;A0A4V4H7M6;A0A4V4H7M6;A0A804HVE8;A0A804HWJ9;A0A804IJT3;A0A804ITC3;A0A804J2D4;A0A804JKM3,1.0341330203317824,True
A0A4S8JV88;A0A4S8JV88;A0A804J1P4,1.0339573351290685,True
A0A4S8J9H6;A0A4S8J9H6;A0A804IBJ2,1.033680512030939,True
A0A804JYQ4,1.0335696874782232,True
A0A804KIC0,1.0333392770291012,True
A0A804KKD3,1.033263314649431,True
A0A804K2D7,1.0329764448383072,True
A0A804IQS1,1.0329601502351333,True
A0A804ITT3,1.0328546457221413,True
A0A4S8IZ61;A0A4S8IZ61;A0A804KSL3,1.0322171204792419,True
A0A804KB76;A0A804KB77,1.032159152047411,True
A0A804KYJ2,1.032030314618193,True
A0A804K1Y2,1.0312687813460824,True
A0A804HUF5,1.0312347997654348,True
A0A4S8KEH2;A0A4S8KEH2,1.0307379836657071,True
A0A4S8IMD2;A0A4S8IMD2;A0A804JFK5,1.0296396084865629,True
A0A804JSM5,1.0292304890633246,True
A0A804KMM4,1.0286119934724463,True
A0A804JS88,1.0285171484657225,True
A0A804JE52,1.028227854673435,True
A0A804JZL2;A0A804JZL3,1.0271504419306987,True
A0A4S8KCI1;A0A4S8KCI1;A0A804K800,1.0271237307210348,True
A0A804IBB4,1.0265611301651207,True
A0A804K4Y6,1.0265605721161912,True
A0A804JTZ6,1.0261612229722328,True
A0A4S8I8A5;A0A4S8I8A5,1.0256587868260842,True
A0A4S8IH99;A0A4S8IH99;A0A804KJ66,1.0252679282004817,True
A0A4S8IJA2;A0A4S8IJA2,1.0250953081087089,True
A0A4S8JZD8;A0A4S8JZD8;A0A804J9I9,1.0249905798826568,True
A0A4S8KD94;A0A4S8KD94;A0A804IRC5,1.0247167525550689,True
A0A804KP03,1.0246101423648495,True
A0A804KRF2,1.024450500781371,True
A0A4S8JAX4;A0A4S8JAX4;A0A804IC32,1.0244020589866953,True
A0A804JU54;A0A804JU55;A0A804JU56;A0A804JU57,1.0241084065174548,True
A0A4S8IGJ2;A0A4S8IGJ2;A0A804KK18,1.02399529253901,True
A0A4V4H5N2;A0A4V4H5N2;A0A804L9Y6,1.0235859962552172,True
A0A4S8K7W9;A0A4S8K7W9;A0A804KD74,1.0234857292671697,True
A0A4V4H3F6;A0A4V4H3F6;A0A804KNY9,1.023020756207913,True
A0A804KMS4,1.022725461432917,True
A0A804KHR4,1.0226581600230815,True
A0A804ILF2,1.0223630058137845,True
A0A804JT32,1.0220491033485908,True
A0A804HQF0,1.0218964125747088,True
A0A4S8K3W3;A0A4S8K3W3;A0A804K6Z5,1.0217967907943304,True
A0A4S8IQC3;A0A4S8IQC3;A0A804JK42,1.0216293168344686,True
A0A4S8JMX3;A0A4S8JMX3;A0A804IFI4;A0A804IFI5,1.0212922602946197,True
A0A4S8JZT9;A0A4S8JZT9;A0A804JA72,1.020986610154643,True
A0A4S8IAG8;A0A4S8IAG8,1.0201088119789001,True
A0A4S8JLE2;A0A4S8JLE2,1.0196310633001564,True
A0A804J0V6,1.0193309011451417,True
A0A804JDH2,1.0188809323784263,True
A0A804I8R8,1.0176679756652747,True
A0A804JCM9,1.0169016677886986,True
A0A804JXA7,1.0168533391094576,True
A0A804KHE3;A0A804KHE4,1.0168293313664818,True
A0A804JHX7,1.0166085048519118,True
A0A804IEH7,1.0162407659641015,True
A0A804HR95,1.0160465386598103,True
A0A4V4H7Q0;A0A4V4H7Q0;A0A804HVL7;A0A804HVL8,1.0157114612674636,True
A0A804L5E2,1.01526595248392,True
A0A804L9A1,1.0151513724282093,True
A0A4S8K8D8;A0A4S8K8D8;A0A804KE05,1.0151066182296238,True
A0A804KMY7,1.0150161961294204,True
A0A804JPH2,1.014857734406692,True
A0A4S8JJ52;A0A4S8JJ52,1.0147915121620672,True
A0A804L0X5,1.0147320080609088,True
A0A804IAZ2,1.0135135018231054,True
A0A804K8L2,1.0133100670754875,True
A0A4S8K7J0;A0A4S8K7J0;A0A804KCK5,1.0131945146251595,True
A0A4S8JCM7;A0A4S8JCM7;A0A804JZU3,1.0131386184188074,True
A0A804K1X4,1.0127900073345872,True
A0A4S8IFX7;A0A4S8IFX7;A0A4S8K646;A0A4S8K646;A0A804KAC0;A0A804KJ69,1.0127121651993827,True
A0A4S8ITR1;A0A4S8ITR1;A0A804JPE4;A0A804JPE5,1.0126266831999122,True
A0A4S8KF93;A0A4S8KF93;A0A804IUD8,1.0124451425023953,True
A0A4S8KAJ3;A0A4S8KAJ3;A0A804IMH5,1.0118109835873208,True
A0A4S8KCP3;A0A4S8KCP3,1.0115921466948548,True
A0A4S8K8A2;A0A4S8K8A2;A0A804KDP1,1.0115132077794788,True
A0A4S8INC8;A0A4S8INC8;A0A804JD83,1.0110047859546856,True
A0A4S8IYU9;A0A4S8IYU9,1.0107452397354708,True
A0A4S8JUW9;A0A4S8JUW9;A0A804J238,1.010248837949655,True
A0A804L2J4,1.0102484843061093,True
A0A804KHV6,1.0100928521769583,True
A0A804L3B4,1.009802218263479,True
A0A804HYF0,1.0089509055808068,True
A0A4V4H5C1;A0A4V4H5C1;A0A804L530,1.0088877405715475,True
A0A804HR32;A0A804HR33,1.0088149142659961,True
A0A804J557,1.0087160920766252,True
A0A4S8JNV0;A0A4S8JNV0;A0A4V4H652;A0A4V4H652;A0A804HML7;A0A804HT39,1.008710937108045,True
A0A4S8J375;A0A4S8J375;A0A804L7H5,1.0085080500562866,True
A0A4S8KFT8;A0A4S8KFT8;A0A804IVJ3,1.0080170868202796,True
A0A4S8IB89;A0A4S8IB89,1.0079049774788313,True
A0A804J1A9,1.0077661302750405,True
A0A4S8JKI6;A0A4S8JKI6;A0A804IG52,1.0077038712836908,True
A0A4S8IPG4;A0A4S8IPG4;A0A804JIX6,1.0076643186136756,True
A0A804IKZ0,1.0075025627428367,True
A0A4S8K813;A0A4S8K813;A0A804KDD5,1.0073216257643607,True
A0A4S8JPW6;A0A4S8JPW6;A0A804HUB9,1.0067440271193535,True
A0A804KRT6,1.0065957994119064,True
A0A4S8I9D5;A0A4S8I9D5;A0A804I0N7,1.0064377368043873,True
A0A4S8J5U1;A0A4S8J5U1;A0A804L983,1.005983201357481,True
A0A804I888,1.0057618708006084,True
A0A804HS12,1.0055107678532278,True
A0A804KQN0,1.0052502429160373,True
A0A4S8IDR3;A0A4S8IDR3,1.0050496600807473,True
A0A4S8JME0;A0A4S8JME0;A0A804HQK1,1.0047935975211613,True
A0A804K5K4;A0A804K5K5;A0A804K5K6,1.0044373935270214,True
A0A804K0W0,1.0034007344878149,True
A0A804KCZ9,1.0030012843296783,True
A0A804KUN4,1.0027061378317759,True
A0A4S8K1G2;A0A4S8K1G2;A0A804K359,1.0026450862084382,True
A0A4S8JH80;A0A4S8JH80;A0A804JSR7,1.002632059699527,True
A0A4S8JM70;A0A4S8JM70,1.0021796452112484,True
A0A4S8JL30;A0A4S8JL30,1.0021345088488116,True
A0A4S8IBC7;A0A4S8IBC7,1.0020542699576458,True
A0A4S8J5A4;A0A4S8J5A4;A0A804L7J1,1.0020202114117918,True
A0A804HQP0,1.0019620612620366,True
A0A4S8J0B7;A0A4S8J0B7;A0A804KRQ3,1.0016608782250247,True
A0A804L826;A0A804L827,1.0016037425718625,True
A0A804JF85,1.0015439350162776,True
A0A4S8K5B3;A0A4S8K5B3,1.0011435364031174,True
A0A4S8K2H6;A0A4S8K2H6;A0A804K4M8,1.000963823251635,True
A0A804HMP3,1.0009512179328548,True
A0A4S8J5X9;A0A4S8J5X9;A0A804LAZ8,1.0007738489502296,True
A0A804KFT8,1.00056747028823,True
A0A4V4H917;A0A4V4H917,0.9996574527918807,False
A0A804IW94;A0A804IW95;A0A804IW96,0.9989893480842331,False
A0A4V4H3Z0;A0A4V4H3Z0;A0A804JHJ8,0.9988515014313636,False
A0A4S8KGI5;A0A4S8KGI5;A0A804IWB1,0.9985876685321162,False
A0A4S8K6V1;A0A4S8K6V1;A0A804KBF4;A0A804KBF5;A0A804KBF6,0.9975498184438697,False
A0A804L5F2,0.9971047549692239,False
A0A4S8K3Y8;A0A4S8K3Y8,0.996992019281077,False
A0A804J5H8,0.9969301952268185,False
A0A4S8IXX9;A0A4S8IXX9;A0A804KV72;A0A804KV73,0.9964582026757535,False
A0A4S8JCM6;A0A4S8JCM6;A0A804JZT4;A0A804JZT5,0.9963553336431549,False
A0A804HPV4,0.9963290684559901,False
A0A4S8JIQ3;A0A4S8JIQ3;A0A804JQE6,0.9960815999881135,False
A0A4V4H5U2;A0A4V4H5U2;A0A804I7V8,0.9960226383642871,False
A0A804IXB5;A0A804IXB6,0.995278421483274,False
A0A804KY68,0.9946467631402713,False
A0A804I415,0.9945698078458649,False
A0A804KNG2,0.9941574545679136,False
A0A4S8IP45;A0A4S8IP45;A0A804JEF5,0.9938865922734306,False
A0A4S8IAD7;A0A4S8IAD7,0.9935898509135331,False
A0A4S8JIL7;A0A4S8JIL7;A0A804JRQ1,0.9932055213348927,False
A0A4S8K3T8;A0A4S8K3T8;A0A4S8KDA3;A0A4S8KDA3;A0A4V4H2C8;A0A4V4H2C8;A0A804HXQ3;A0A804IR94;A0A804K6N8,0.9928928557450588,False
A0A4S8JBT8;A0A4S8JBT8;A0A804HNK5,0.9924707695724467,False
A0A4S8K5Y6;A0A4S8K5Y6,0.992132512862581,False
A0A4S8ILC9;A0A4S8ILC9;A0A804JDX4,0.992108015759005,False
A0A804KMZ8,0.991569949240434,False
A0A4S8KDE0;A0A4S8KDE0;A0A804IRM5,0.9913640687390282,False
A0A804I616,0.9912568020217436,False
A0A4S8IUH8;A0A4S8IUH8;A0A804L0U5,0.9900593969265483,False
A0A4S8JPU5;A0A4S8JPU5;A0A804HR99;A0A804I1J4,0.9899576267775793,False
A0A4S8IBT0;A0A4S8IBT0;A0A804I4L6;A0A804I4L7,0.9897775289627162,False
A0A804IQ36,0.9889326221984616,False
A0A804IBJ4,0.9887513128050245,False
A0A804LA53,0.9886692212124357,False
A0A804L9U9,0.9885828684955353,False
A0A804KGZ4,0.9881937859391563,False
A0A4S8IL27;A0A4S8IL27;A0A804JDF7,0.9875818238136876,False
A0A4S8IXI4;A0A4S8IXI4;A0A804KVV1,0.9874806089746397,False
A0A804KMI0,0.9874370878338803,False
A0A804KXV1,0.9871587204473803,False
A0A804L2V2,0.9871303646930651,False
A0A804IRM3,0.9870022467467567,False
A0A804I067,0.9868877880130655,False
A0A4V4H4X3;A0A4V4H4X3;A0A804KV09;A0A804KV10,0.9868826756364247,False
A0A804HPN5,0.9868703863158808,False
A0A4S8JCX8;A0A4S8JCX8;A0A804JZB7,0.9868322255051944,False
A0A804KJI5,0.9866148008096526,False
A0A4S8JVV5;A0A4S8JVV5;A0A804J0R6,0.9863553679203815,False
A0A4S8JWJ3;A0A4S8JWJ3;A0A804J581,0.9859316504342872,False
A0A804IF03,0.9858361762183068,False
A0A4S8IQQ3;A0A4S8IQQ3;A0A804JKR7,0.9853667016100855,False
A0A804HZH5,0.9850172085758762,False
A0A804JVJ9,0.985016454660695,False
A0A4S8I953;A0A4S8I953;A0A804I0J2,0.9843094110952341,False
A0A804K885,0.9842447027061066,False
A0A804L7E6;A0A804L7E7,0.9839103955767075,False
A0A4S8IES6;A0A4S8IES6;A0A4S8K7C1;A0A4S8K7C1;A0A804KC96;A0A804KH68,0.9838699534987585,False
A0A4S8JK75;A0A4S8JK75;A0A804IGQ9,0.9836794053758277,False
A0A804L969,0.9832803074971173,False
A0A804JYG7,0.982945977282353,False
A0A804IAN5,0.9825703347219588,False
A0A4S8IW22;A0A4S8IW22;A0A804KY92,0.9823258661753397,False
A0A804KJ31,0.9822259355363958,False
A0A4S8JPL9;A0A4S8JPL9;A0A804HTX2,0.9821519483682087,False
A0A804JVG0,0.9816172114063155,False
A0A804K9K4,0.9815922277145546,False
A0A4S8JQS7;A0A4S8JQS7,0.9808380233064373,False
A0A4S8JGB0;A0A4S8JGB0;A0A804JU86,0.9807310650949003,False
A0A804I065,0.980556982361781,False
A0A4S8IGG4;A0A4S8IGG4;A0A4S8JG27;A0A4S8JG27;A0A4S8JKU0;A0A4S8JKU0;A0A4S8KF02;A0A4S8KF02;A0A804IH33;A0A804IU02;A0A804JXC6;A0A804KIS4;A0A804KPP2,0.9799937590272929,False
A0A804I9W2,0.9795869425931295,False
A0A4S8IIY4;A0A4S8IIY4;A0A804KJV7,0.9795635857087787,False
A0A804KKX2,0.9791251923687805,False
A0A804IXG6,0.9782432235872134,False
A0A804J6I0,0.9782209470681513,False
A0A4S8KHM4;A0A4S8KHM4,0.97802558836758,False
A0A804JFY9,0.9777845611736437,False
A0A804HXF5,0.9772983940652702,False
A0A4S8JHY6;A0A4S8JHY6;A0A804JRJ5,0.9770374515123722,False
A0A804I2A6,0.9757575943503001,False
A0A804IC24,0.9757468001883064,False
A0A4S8KBE3;A0A4S8KBE3;A0A804INX1,0.9756411967417069,False
A0A4S8IX58;A0A4S8IX58,0.9756229327897851,False
A0A804I5U2,0.9748898014182035,False
A0A804KN38,0.9747406102722133,False
A0A4S8JI36;A0A4S8JI36;A0A804IU88;A0A804JSJ3,0.9744877646219108,False
A0A804KT79;A0A804KT80;A0A804KT81,0.9744153141836213,False
A0A804K869,0.974242899671824,False
A0A4S8ISK8;A0A4S8ISK8,0.9742374756532081,False
A0A804JUN7,0.9741137679560077,False
A0A4S8J1W0;A0A4S8J1W0;A0A4S8J6N3;A0A4S8J6N3;A0A4S8K2N1;A0A4S8K2N1;A0A804K521;A0A804L4B2;A0A804L9G6,0.9739249208627453,False
A0A804IKN0,0.9738851712694878,False
A0A804HZ51,0.9735218175697055,False
A0A804JU13,0.9730895436023166,False
A0A4S8JQF0;A0A4S8JQF0;A0A804HSD8,0.9729430794956107,False
A0A4S8IY87;A0A4S8IY87;A0A4S8JCV7;A0A4S8JCV7;A0A804K086;A0A804KYS6,0.9718009757059134,False
A0A4S8KBK3;A0A4S8KBK3;A0A804IP34,0.9716652254777138,False
A0A4S8JZN9;A0A4S8JZN9;A0A804J9X1,0.971460199737828,False
A0A804I2W0,0.9708505885923406,False
A0A804K0N7,0.9707800934443938,False
A0A4S8KCD4;A0A4S8KCD4;A0A804HM47;A0A804HM48,0.9706621052307033,False
A0A4S8IT09;A0A4S8IT09;A0A4S8J5T0;A0A4S8J5T0;A0A804JPB1;A0A804LAQ5,0.9706387980382194,False
A0A804I5J2,0.9706303817736656,False
A0A4S8INJ4;A0A4S8INJ4;A0A804JH46,0.9703327565868443,False
A0A804JR85,0.9694336633218457,False
A0A804JLZ5,0.9692761858693407,False
A0A4V6T422;A0A4V6T422;A0A804KP38,0.9691130853918334,False
A0A804JJD0,0.9689504490288076,False
A0A4S8J9Y9;A0A4S8J9Y9;A0A804IBN0;A0A804IBN1,0.9686756575727632,False
A0A4S8JW55;A0A4S8JW55;A0A804J4M0,0.9683736754223154,False
A0A4S8K6Y9;A0A4S8K6Y9;A0A804KBJ2,0.9679849789246795,False
A0A4S8JWD9;A0A4S8JWD9;A0A4S8JWG1;A0A4S8JWG1,0.966930166617217,False
A0A4S8JAN3;A0A4S8JAN3;A0A804IDC2,0.9663440016740977,False
A0A4S8J723;A0A4S8J723;A0A804I7S6,0.9662115604122262,False
A0A4S8K4Z6;A0A4S8K4Z6;A0A804K8M4,0.9659618609134505,False
A0A4S8IRA6;A0A4S8IRA6;A0A804JJH0,0.9657439501433466,False
A0A804HRS1,0.9655952406784511,False
A0A4V4H6K8;A0A4V4H6K8;A0A804JWU0,0.9655096527450876,False
A0A804L248,0.9652342056780063,False
A0A4S8JYK3;A0A4S8JYK3;A0A804J889,0.9650961382237553,False
A0A4S8JQY6;A0A4S8JQY6;A0A804HV57,0.9650798067704861,False
A0A4S8JED7;A0A4S8JED7;A0A804JZZ9,0.9649315913469203,False
A0A804I9F8,0.9645969737558501,False
A0A804KG14,0.9644397384453643,False
A0A4V4H3F2;A0A4V4H3F2;A0A804KNT8,0.9642304105910366,False
A0A4S8JE59;A0A4S8JE59;A0A804JZA4,0.9639602568380048,False
A0A804JDG6,0.9639417445543398,False
A0A804JDX5,0.9639363824893664,False
A0A804L9X7,0.9638616717624016,False
A0A804KED8,0.9637055423846376,False
A0A804KXQ6,0.9632187719653674,False
A0A804L831,0.9626826172481022,False
A0A4S8JRH0;A0A4S8JRH0;A0A804HW15,0.9625806993753022,False
A0A804J021,0.9625281058888298,False
A0A804L7T0,0.9624025171495184,False
A0A4S8IYX6;A0A4S8IYX6;A0A4V4H3V0;A0A4V4H3V0;A0A804JFK3;A0A804JHN4;A0A804KV44,0.9623269571727099,False
A0A804JPN5,0.9621494974520312,False
A0A4V4H7F2;A0A4V4H7F2,0.9619902267375235,False
A0A4S8JJZ1;A0A4S8JJZ1;A0A804IH57,0.9616042849217797,False
A0A4S8IMB6;A0A4S8IMB6;A0A804JFG7,0.9613404832738134,False
A0A4S8J8J0;A0A4S8J8J0,0.9610718658142839,False
A0A804I322,0.9603646140225651,False
A0A804JLX8,0.9602596366080309,False
A0A804JR89,0.9602473441137025,False
A0A804KLX1,0.9600826443978737,False
A0A804LBA5,0.960052269190766,False
A0A4S8JQ89;A0A4S8JQ89;A0A804HRP3,0.9600335380057388,False
A0A804L155,0.9596672990205882,False
A0A804HTM8;A0A804HTM9,0.9596106484680171,False
A0A804L1P5,0.9591199433923454,False
A0A804ITK2,0.9585005789338621,False
A0A804JK93,0.958326923559365,False
A0A4S8KA75;A0A4S8KA75;A0A804IM27;A0A804IM28,0.9579177735811811,False
A0A804JA35,0.9578152156808794,False
A0A4S8IS26;A0A4S8IS26;A0A804JKY2,0.9578114379759053,False
A0A804L6Q9,0.9575345915931726,False
A0A4S8KDU6;A0A4S8KDU6;A0A804IS42,0.9570023744689242,False
A0A804IUY5,0.9563967729096154,False
A0A4S8JA72;A0A4S8JA72,0.9563848617330628,False
A0A804KGT1,0.9560800470569352,False
A0A4S8J348;A0A4S8J348;A0A804L6M5,0.9560471335167128,False
A0A804KSB1,0.9557803658775491,False
A0A4S8IIJ7;A0A4S8IIJ7;A0A804KPD1,0.9555912927400082,False
A0A804IZS1,0.9554468406811598,False
A0A4S8K3U7;A0A4S8K3U7,0.9553225694052481,False
A0A804IN39,0.9547790382314236,False
A0A804JT87,0.9547573775272671,False
A0A804J4M5;A0A804J4M6,0.9546639740268875,False
A0A804IZJ1,0.954530618599501,False
A0A804KHG1,0.9543723986662624,False
A0A804JJ40;A0A804JJ41,0.9543452236643554,False
A0A4S8JM03;A0A4S8JM03;A0A4S8JYF4;A0A4S8JYF4;A0A804HPW3;A0A804J7Z6,0.9543375222608355,False
A0A4S8IUE9;A0A4S8IUE9,0.9537861517953273,False
A0A804JYS2,0.9535293809531319,False
A0A804JWJ4,0.9531198188448473,False
A0A804KMA7;A0A804KMA8,0.9528400863337503,False
A0A4S8KH82;A0A4S8KH82,0.9525509100101903,False
A0A804I826,0.9524896185606551,False
A0A4S8JFI4;A0A4S8JFI4;A0A804JVW2,0.9524727056739578,False
A0A4S8JUR3;A0A4S8JUR3,0.952221829916836,False
A0A4S8JQC0;A0A4S8JQC0;A0A804HSP6,0.9519587692085764,False
A0A804L711,0.9516239761618791,False
A0A804JAC6,0.95156952269646,False
A0A4S8IYL1;A0A4S8IYL1;A0A804KUC2,0.9510712638165545,False
A0A804KBQ6,0.9495086082060246,False
A0A804JLN1;A0A804JLN2,0.9493879282030931,False
A0A804KXA4,0.9492554877422412,False
A0A804K995,0.949191786093817,False
A0A4S8K2I5;A0A4S8K2I5;A0A804K4V7,0.9491445919434304,False
A0A804J4I5,0.9491336427504975,False
A0A4S8JF70;A0A4S8JF70;A0A804JZR5,0.94909126306375,False
A0A804JS42,0.9488944673925057,False
A0A804IIF1;A0A804K0N3,0.9487244068439247,False
A0A804HRN3,0.9483017575640219,False
A0A804KSL7,0.9482498157973535,False
A0A4S8JA48;A0A4S8JA48;A0A804I8R7,0.9478614973774937,False
A0A4S8J179;A0A4S8J179;A0A804L3K3,0.947493067774925,False
A0A4S8JLS2;A0A4S8JLS2;A0A804IGC7,0.947433720611131,False
A0A804I8T7,0.9470052812482189,False
A0A804JPB0,0.9466497872503568,False
A0A4S8KCY8;A0A4S8KCY8;A0A804IQU7,0.9464456540801599,False
A0A804V5Q5,0.9461713268914232,False
A0A804KTS8,0.9460591599015705,False
A0A804KCE1,0.9456361404703416,False
A0A4S8J4N6;A0A4S8J4N6;A0A804L8X0,0.9455410857123486,False
A0A4S8J1N3;A0A4S8J1N3;A0A804L2W0,0.945247646243222,False
A0A804JNT1,0.9452008184224234,False
A0A804IEJ5,0.9451711345568098,False
A0A804KFB8,0.9449080388961146,False
A0A804KFI3,0.9448833867547375,False
A0A804JKP9,0.9448138293922556,False
A0A4S8IL32;A0A4S8IL32;A0A804JCE6,0.9446691998069885,False
A0A804HWT5,0.9444673426323009,False
A0A4S8JJF3;A0A4S8JJF3;A0A804JT97,0.944355352012197,False
A0A804L9V3,0.9441361037582429,False
A0A804HYC6,0.9439710984631092,False
A0A4S8IVH3;A0A4S8IVH3,0.9437894194032843,False
A0A804IBY2,0.9435524574248895,False
A0A804K012,0.9435482107340779,False
A0A4V4H7M5;A0A4V4H7M5;A0A804HU98,0.9433316409478529,False
A0A4S8JHP2;A0A4S8JHP2;A0A804JVZ2,0.9431455044256646,False
A0A4S8IYE8;A0A4S8IYE8;A0A804KUD1,0.9430252809300449,False
A0A804I9J4,0.9429337752818354,False
A0A4S8JW51;A0A4S8JW51;A0A804J4L6,0.942819883883083,False
A0A4V4H5C9;A0A4V4H5C9;A0A804L5M8;A0A804L5M9,0.9420310677576536,False
A0A804JYW8,0.9419034113477419,False
A0A4S8K7F3;A0A4S8K7F3;A0A804KC92;A0A804KC93,0.9416216034751542,False
A0A4S8KGA6;A0A4S8KGA6;A0A804IWA0,0.9412922487058334,False
A0A804JCU3,0.9411639109903553,False
A0A4V4H5W7;A0A4V4H5W7,0.9408813024449826,False
A0A804KM83,0.9408425668764143,False
A0A4S8IAC8;A0A4S8IAC8;A0A804I2L9;A0A804I2M0;A0A804I2M1,0.9408132442853266,False
A0A4S8I969;A0A4S8I969,0.9405554417390852,False
A0A4S8JYB1;A0A4S8JYB1;A0A804J7W3,0.9405425310458789,False
A0A804IEU8,0.9404084758207639,False
A0A4S8IR52;A0A4S8IR52,0.9397849588982543,False
A0A4S8K3H3;A0A4S8K3H3,0.9397052457572345,False
A0A804L9J0,0.9394987093110309,False
A0A804I0P1,0.9391882866344036,False
A0A804L879,0.9383396981270514,False
A0A804KIP2,0.9382858248026621,False
A0A4S8II04;A0A4S8II04;A0A4S8JAW4;A0A4S8JAW4;A0A4S8JUW2;A0A4S8JUW2;A0A804I9W1;A0A804J236;A0A804KK59;A0A804KK60;A0A804KK61,0.9382704376129333,False
A0A4S8ICI8;A0A4S8ICI8,0.9373944532069249,False
A0A4S8JTW7;A0A4S8JTW7;A0A804J3I9,0.9373771652379355,False
A0A804L716,0.9373747815135417,False
A0A4S8JEU7;A0A4S8JEU7;A0A804K0B8;A0A804K0B9;A0A804K0C0;A0A804K0C1,0.9372054051171973,False
A0A804HU47,0.936122080241885,False
A0A804KVZ3,0.9359833538781324,False
A0A804J0M7,0.935776873742331,False
A0A804ITL0,0.9356435824156999,False
A0A804I0P0,0.9356388944528325,False
A0A804IPS0,0.9354713703627425,False
A0A4S8KEP5;A0A4S8KEP5;A0A804ITQ7;A0A804ITQ8;A0A804ITQ9,0.9353188442856869,False
A0A4S8IFV6;A0A4S8IFV6;A0A4S8J975;A0A4S8J975;A0A4S8JVV7;A0A4S8JVV7;A0A804I8D2;A0A804J0S6;A0A804KIZ8,0.934511822388989,False
A0A4S8JU74;A0A4S8JU74;A0A804J387;A0A804J388,0.934406045707151,False
A0A804HUY8,0.9340797733249048,False
A0A4S8IHA9;A0A4S8IHA9;A0A804KLB5;A0A804KLB6,0.9335141890314106,False
A0A4S8IYJ5;A0A4S8IYJ5;A0A4S8JRC8;A0A4S8JRC8;A0A804HVW5;A0A804HVW6;A0A804HVW7;A0A804KUE0,0.9333884923879446,False
A0A4S8KD56;A0A4S8KD56;A0A804IR34,0.933382422271542,False
A0A4S8JIP2;A0A4S8JIP2;A0A804JQT8,0.9333334727845979,False
A0A804HPZ8,0.9333050345848766,False
A0A4S8IRI7;A0A4S8IRI7;A0A804JM33,0.9329771651404514,False
A0A4S8K9A2;A0A4S8K9A2;A0A804IM23,0.9328475829462712,False
A0A4S8JQY9;A0A4S8JQY9;A0A804HV55,0.9328423339834336,False
A0A4S8J6U4;A0A4S8J6U4;A0A804I799,0.9327734212517198,False
A0A804HWT4,0.9327408158810149,False
A0A4S8KBM3;A0A4S8KBM3;A0A804IP90,0.9325228113544293,False
A0A4S8I5C2;A0A4S8I5C2,0.9324666637559997,False
A0A4S8IUE7;A0A4S8IUE7;A0A804L142,0.931865667511645,False
A0A4V4H5I8;A0A4V4H5I8;A0A804L845,0.9315672458182802,False
A0A804JU08,0.9314639923500171,False
A0A804IB92,0.9313278390480613,False
A0A804JVC9,0.931283810766843,False
A0A804JMT7,0.931265713218637,False
A0A4S8J4Z7;A0A4S8J4Z7;A0A804L5M5,0.9312040017047472,False
A0A4S8JEM0;A0A4S8JEM0,0.9311178276973027,False
A0A4S8JTV3;A0A4S8JTV3;A0A804I1W8;A0A804J3Q7,0.9308698422767455,False
A0A4V4H6A6;A0A4V4H6A6;A0A804HNR1;A0A804IMU1,0.9306221343150108,False
A0A804KI24,0.9300761352294242,False
A0A804IUQ0;A0A804IUQ1,0.9300395972695767,False
A0A4S8K3C5;A0A4S8K3C5,0.929233232814805,False
A0A804I818,0.9291774529593501,False
A0A804J4D2,0.9291638954523959,False
A0A804HYR5,0.9290665646247271,False
A0A804IGJ1,0.9288305393333977,False
A0A4S8IPD2;A0A4S8IPD2,0.9288202767712107,False
A0A804L5I0,0.928425023166818,False
A0A4S8J4Z9;A0A4S8J4Z9;A0A804L810,0.9280936431675934,False
A0A804JQJ3,0.9278276159206722,False
A0A804KVI3,0.9273629765247569,False
A0A804INP9,0.9268666095217535,False
A0A804JTR5;A0A804JTR6,0.9265158272252602,False
A0A4S8JWU8;A0A4S8JWU8;A0A804J5L3,0.9263989825955956,False
A0A4S8IMJ0;A0A4S8IMJ0;A0A804JFW0,0.9263661669444344,False
A0A4S8KAD4;A0A4S8KAD4;A0A804IME3,0.9263647988133742,False
A0A804J9P2,0.9263344764868279,False
A0A804J9R2,0.9260060233388548,False
A0A4S8ICX9;A0A4S8ICX9,0.9257300720987972,False
A0A4S8IIQ5;A0A4S8IIQ5;A0A804KJK4;A0A804KJK5;A0A804KJK6,0.9254302126448306,False
A0A804ITG5,0.9250405744517524,False
A0A4S8JF23;A0A4S8JF23,0.9246950122317104,False
A0A4S8JUG5;A0A4S8JUG5;A0A804J2U5,0.9244944569430119,False
A0A804KCL9,0.9242274353284375,False
A0A804KSK5;A0A804L5R5,0.9240117501635351,False
A0A4S8ICZ2;A0A4S8ICZ2;A0A804I5D4,0.9238628757468832,False
A0A4S8K1A7;A0A4S8K1A7;A0A804K2Z7;A0A804K2Z8,0.9236951864836365,False
A0A4S8I336;A0A4S8I336;A0A4S8I5D6;A0A4S8I5D6;A0A4S8I657;A0A4S8I657;A0A4S8I6L3;A0A4S8I6L3;A0A4V4H273;A0A4V4H273;A0A4V4H299;A0A4V4H299,0.9232610711027345,False
A0A804LBN5,0.922829688795573,False
A0A804JHK5,0.9226579709652276,False
A0A804KUL1,0.9224533342849334,False
A0A804ICG2,0.9221008931046131,False
A0A804KPK4,0.9220427076413859,False
A0A804HX98;A0A804HX99,0.9218667025768259,False
A0A4S8J0Y3;A0A4S8J0Y3;A0A804KSY3,0.9217938949576896,False
A0A4S8IEZ1;A0A4S8IEZ1;A0A804KHL9,0.9215280658482254,False
A0A804J9A8,0.9213810772546397,False
A0A804HZ46,0.921353471551124,False
A0A4S8IEZ4;A0A4S8IEZ4;A0A804KHK3;A0A804KHK4,0.9212275730453806,False
A0A4S8K5A5;A0A4S8K5A5;A0A804K8V2,0.9211909085825553,False
A0A4S8IBZ6;A0A4S8IBZ6,0.921105572696177,False
A0A4S8IEW6;A0A4S8IEW6;A0A804KHA3,0.921028752942231,False
A0A804KU36,0.9203051602944557,False
A0A4S8J9F5;A0A4S8J9F5;A0A804IAW2,0.9202141664964727,False
A0A4S8JGY4;A0A4S8JGY4;A0A804JWL7;A0A804JWL8,0.9201619804419562,False
A0A4S8IYX3;A0A4S8IYX3;A0A4V6T496;A0A4V6T496;A0A804L5B9,0.919870639933608,False
A0A4S8K9X7;A0A4S8K9X7;A0A804ILE5;A0A804ILE6,0.9194926111134092,False
A0A4S8IVY7;A0A4S8IVY7;A0A804KYE2;A0A804KYE3;A0A804KYE4,0.9186689979346758,False
A0A4V4H8J3;A0A4V4H8J3;A0A804JAB6,0.9186466093045565,False
A0A804HVS5;A0A804HVS6,0.9185144238389518,False
A0A4S8IAM0;A0A4S8IAM0;A0A804I1J1,0.918420487908741,False
A0A4S8IC90;A0A4S8IC90;A0A4S8JHY2;A0A4S8JHY2;A0A804I485;A0A804I486;A0A804JTQ5,0.918414169495932,False
A0A4S8I6J8;A0A4S8I6J8;A0A4V4H287;A0A4V4H287;A0A804U5L8,0.9181914770494715,False
A0A804HQ57,0.9172419462602309,False
A0A4S8J512;A0A4S8J512;A0A804L9I5,0.9168128414030928,False
A0A4S8JNK9;A0A4S8JNK9;A0A804HSM5,0.9164515088165722,False
A0A804L5H8,0.9162595160838586,False
A0A804IL38,0.9161656949636965,False
A0A4S8IHA7;A0A4S8IHA7;A0A804KLA3,0.916109987955427,False
A0A4S8JA23;A0A4S8JA23;A0A4S8JNM8;A0A4S8JNM8;A0A4S8K0Z4;A0A4S8K0Z4;A0A804HSS2;A0A804IC90;A0A804K2G7;A0A804KN65,0.9160882987630959,False
A0A804KE34,0.9160619856152221,False
A0A4S8JGL6;A0A4S8JGL6;A0A804JTS6,0.9159978356415053,False
A0A4S8JD14;A0A4S8JD14;A0A804JZ45,0.915924891515309,False
A0A4S8KB84;A0A4S8KB84,0.9157736462269989,False
A0A4S8IKT7;A0A4S8IKT7,0.9156287609734173,False
A0A804JCD9,0.9156109002867444,False
A0A804KCR3,0.915538162780335,False
A0A4S8IUR4;A0A4S8IUR4;A0A804JN64,0.9151521119493923,False
A0A804JQ49,0.9150870974431448,False
A0A4S8JCP4;A0A4S8JCP4;A0A804JZQ3;A0A804JZQ4,0.9145449989931076,False
A0A4S8IE28;A0A4S8IE28,0.9145174047266217,False
A0A804J938,0.9139758986521541,False
A0A804K1S1,0.9138679791044785,False
A0A4S8IKQ8;A0A4S8IKQ8,0.9136616285090053,False
A0A804KBG5;A0A804KBG6;A0A804KBG7;A0A804KBG9,0.9133584737635562,False
A0A804J3L0,0.9130652959164748,False
A0A4S8IPW7;A0A4S8IPW7;A0A804JIH5,0.9130014684927398,False
A0A804IMI8,0.912651892923164,False
A0A804KFG5,0.9122488439104297,False
A0A4S8IX52;A0A4S8IX52,0.9116156422005779,False
A0A4S8J4U0;A0A4S8J4U0;A0A804L928,0.9115642264706706,False
A0A804K4K7,0.911288298783817,False
A0A804KF64,0.9111855966325239,False
A0A4S8IAP9;A0A4S8IAP9;A0A804HZF6,0.9110025780365377,False
A0A804L0G9;A0A804L0H0,0.9109751659624147,False
A0A804L8B7,0.910749390190351,False
A0A804KBH5,0.9105571881961806,False
A0A4S8JZH3;A0A4S8JZH3;A0A804J9K5,0.9104444966201591,False
A0A4S8IEP0;A0A4S8IEP0;A0A804KH87,0.9100889524354845,False
A0A804K878,0.9100375993064822,False
A0A804K472,0.9098853292127864,False
A0A804KJF0;A0A804KJF1,0.9094128235124618,False
A0A804KLP1;A0A804KLP2;A0A804KLP3,0.9092217913026351,False
A0A804IB88,0.9091557702393992,False
A0A804HYE0;A0A804HYE1,0.9088117114109379,False
A0A804JJU7,0.9087280556900446,False
A0A4S8JZA6;A0A4S8JZA6;A0A804IFG6;A0A804J9J5,0.9085782525333587,False
A0A4V4H9S3;A0A4V4H9S3;A0A804IQ53;A0A804IQ54,0.9085582951085877,False
A0A4S8JJ95;A0A4S8JJ95;A0A804IIE5,0.9084280338395316,False
A0A804JBH0,0.9083968231529586,False
A0A4S8IBW2;A0A4S8IBW2;A0A804I4S3,0.9082645696364924,False
A0A804ISM4,0.9081961225837596,False
A0A4S8JSN2;A0A4S8JSN2;A0A804IZA5,0.9078273496347756,False
A0A4S8K1T3;A0A4S8K1T3;A0A804K3T2,0.9076941614051419,False
A0A804L4V2,0.9076887626226586,False
A0A4S8K3R8;A0A4S8K3R8;A0A804K6M8,0.9076568134005729,False
A0A4S8JID7;A0A4S8JID7;A0A804JR98;A0A804JR99,0.9074570627286479,False
A0A804HVL4,0.9073860940786981,False
A0A4S8J0G2;A0A4S8J0G2;A0A804KRA0,0.9070680160440022,False
A0A804KV17,0.9070659857902555,False
A0A804JA95,0.9070178288975389,False
A0A804KNV6,0.9069479914051568,False
A0A804J321,0.906880150539638,False
A0A804IDV4,0.906684557052786,False
A0A4S8J209;A0A4S8J209,0.9064494688658657,False
A0A804KTC2,0.9060756996904656,False
A0A4S8IFW1;A0A4S8IFW1,0.9060719294970639,False
A0A804KUW6,0.905680654618392,False
A0A804JLH7,0.9053555751186616,False
A0A4S8IU96;A0A4S8IU96;A0A804JQ91;A0A804JQ92,0.9046740837556124,False
A0A4S8KE63;A0A4S8KE63;A0A804ISQ7,0.904650923007489,False
A0A804IUZ7,0.9045342597425655,False
A0A804IHG1,0.9042727082286106,False
A0A804L8X5,0.9042600570856804,False
A0A804KZB2,0.9042259482554211,False
A0A4V4H336;A0A4V4H336;A0A804KH60,0.9042080440048855,False
A0A804KV83,0.9041828355325818,False
A0A804JC05,0.9041719269202865,False
A0A804IGS7,0.9041668927592421,False
A0A804ILV9,0.9040464020665262,False
A0A4S8J0K7;A0A4S8J0K7;A0A804KSD7;A0A804KSF1,0.9036948213217745,False
A0A4S8J0Q7;A0A4S8J0Q7;A0A804L2U3;A0A804L2U4;A0A804L2U5;A0A804L2U6,0.9032076294720404,False
A0A804K5N1,0.9028422329787784,False
A0A804K821,0.9028186969313181,False
A0A804JCD4,0.9026180584685756,False
A0A804KJW7,0.9025568608540566,False
A0A804ISL5,0.9024513036780536,False
A0A804HYD9,0.9023692742198607,False
A0A4S8IZ66;A0A4S8IZ66,0.9022922485098354,False
A0A4S8JMX2;A0A4S8JMX2;A0A804HRE3,0.9020973539246805,False
A0A4S8I9E2;A0A4S8I9E2;A0A804HZM9,0.9019668262193716,False
A0A804KPE4,0.9018110568723418,False
A0A4S8ICF5;A0A4S8ICF5;A0A804I5V5;A0A804I5V6;A0A804I5V7;A0A804I5V8;A0A804I5V9;A0A804JRH1;A0A804JRH2;A0A804JRH3,0.9016242207961401,False
A0A4S8J881;A0A4S8J881,0.9012854630051588,False
A0A4S8J2I4;A0A4S8J2I4;A0A804L5H2,0.901226977794168,False
A0A4S8ILZ3;A0A4S8ILZ3;A0A804JEZ0,0.9011901293375545,False
A0A804IG96,0.9011291181030925,False
A0A804JUW6,0.9011248288082278,False
A0A4S8JMV4;A0A4S8JMV4;A0A804HRE2,0.9004937942202017,False
A0A804II35,0.9004658606747211,False
A0A4S8I7T2;A0A4S8I7T2;A0A804HYJ8,0.9000901666449896,False
A0A4S8J283;A0A4S8J283;A0A804L4V4;A0A804L4V5,0.8997938897823258,False
A0A804K3P0,0.8997707670443313,False
A0A4S8K5C3;A0A4S8K5C3;A0A804K957,0.899601061226709,False
A0A4S8INX7;A0A4S8INX7;A0A804JHW4,0.8995629253108705,False
A0A804J404,0.8992720687676915,False
A0A804KQ09;A0A804KQU0;A0A804KQU1;A0A804KQU2,0.8990296838576796,False
A0A4S8IBN2;A0A4S8IBN2,0.898789976062538,False
A0A4S8IYH3;A0A4S8IYH3,0.8979427720334217,False
A0A804JMI4,0.8976923964714767,False
A0A804J534;A0A804KVH1,0.8969634206297137,False
A0A4V6T4I4;A0A4V6T4I4,0.8969406133635883,False
A0A4S8IYX1;A0A4S8IYX1;A0A804KVZ4,0.8965530901362079,False
A0A4S8IEK8;A0A4S8IEK8;A0A804KGZ5;A0A804KGZ6,0.8965517157477045,False
A0A804KQL2,0.8961040266750362,False
A0A4V4H5Q3;A0A4V4H5Q3;A0A804LAM1,0.895291609039734,False
A0A804JZP5,0.8952391139524173,False
A0A804JW79,0.8949016133122097,False
A0A804HZS1,0.8944914073739979,False
A0A804IV72,0.8940842124643695,False
A0A804JQK9,0.8940715014601399,False
A0A804HPX9,0.8940252658860062,False
A0A4S8ITX8;A0A4S8ITX8;A0A804JDF4;A0A804JNT6,0.8938179572311511,False
A0A4S8IG65;A0A4S8IG65,0.8937703664378908,False
A0A804K2H1,0.8935997163664248,False
A0A4S8JFQ9;A0A4S8JFQ9;A0A804JV70,0.8934056862693276,False
A0A804KXK4,0.8929922841391992,False
A0A4V4H675;A0A4V4H675;A0A804IDN2,0.8929569562167382,False
A0A4S8J1U2;A0A4S8J1U2;A0A804L485,0.892717164967752,False
A0A4S8J950;A0A4S8J950;A0A804I8A8,0.8926019372305255,False
A0A4S8JUD8;A0A4S8JUD8;A0A4S8KH91;A0A4S8KH91;A0A4V6T4S6;A0A4V6T4S6;A0A804ISU7;A0A804IXL9;A0A804J2Z8,0.8923408092062473,False
A0A4S8JRT8;A0A4S8JRT8;A0A4S8K1B5;A0A4S8K1B5;A0A804K312,0.8922130872843206,False
A0A4S8I7G8;A0A4S8I7G8;A0A4S8J415;A0A4S8J415;A0A804HXW4;A0A804L7Z7;A0A804LA71,0.8921197317178208,False
A0A804J872,0.891759260654145,False
A0A804IQD8,0.8917401917047961,False
A0A804HYM9,0.8917023335510973,False
A0A804IZJ6,0.8914195579996794,False
A0A804I0C2,0.8911996573806851,False
A0A804I0B3,0.8911583922867884,False
A0A804KN37,0.8911242082860097,False
A0A804L4Q4,0.8910876666268714,False
A0A804KIQ9,0.8910648347406929,False
A0A804L5A8,0.8909761818550868,False
A0A4S8JAN0;A0A4S8JAN0;A0A804IAN7,0.8908658925720611,False
A0A804II54,0.8907178407696147,False
A0A4S8J4B4;A0A4S8J4B4;A0A804L723,0.8906415927680552,False
A0A4S8J977;A0A4S8J977;A0A804I9G1,0.8905089762315921,False
A0A804JGR2,0.8905020248505492,False
A0A804JJR8,0.8900876495395694,False
A0A4S8JR44;A0A4S8JR44;A0A804HVE9,0.8894534220934115,False
A0A804L320,0.889408948959398,False
A0A804I160,0.8890177159204021,False
A0A804KH82,0.8888886527626275,False
A0A804J7J9,0.8887910686995901,False
A0A804J3R3,0.8883924550753266,False
A0A804IHM4;E1UHG6;E1UHG6,0.8879497174478763,False
A0A4S8J5S3;A0A4S8J5S3;A0A804LAN4;A0A804LAN5,0.8879184801984837,False
A0A804JXC0,0.8879127461698311,False
A0A804L8P4;A0A804L8P5,0.8877623483995284,False
A0A4S8JPR0;A0A4S8JPR0;A0A804HUJ0;A0A804KCW3,0.887702358915209,False
A0A4S8IZK4;A0A4S8IZK4;A0A804KT65,0.8875584826428025,False
A0A4S8K314;A0A4S8K314;A0A804K5I4,0.88746598013074,False
A0A804IWB6,0.8869268117616634,False
A0A804K7N9,0.886925832459715,False
A0A4S8KCR2;A0A4S8KCR2;A0A804HMK5,0.8868800509919411,False
A0A4S8JDB8;A0A4S8JDB8;A0A804IER7,0.8867429217841437,False
A0A4S8K716;A0A4S8K716;A0A804KBS5,0.8866895351608467,False
A0A4S8J1Q3;A0A4S8J1Q3;A0A804L454,0.886506734323848,False
A0A4S8ILF1;A0A4S8ILF1;A0A804JE16,0.886274669758019,False
A0A4S8J8D7;A0A4S8J8D7,0.885715258506924,False
A0A4S8K9V5;A0A4S8K9V5;A0A804ILG3,0.8856410231021046,False
A0A4V4H9J5;A0A4V4H9J5;A0A804ILI1,0.8855044821052233,False
A0A804J2H1,0.8854316645077932,False
A0A804HMS4,0.8852802663233356,False
A0A804HUY7,0.8852356285324636,False
A0A4S8JX21;A0A4S8JX21;A0A804J631,0.8851651608352967,False
A0A804KB44,0.8845048700725816,False
A0A804J7P1,0.884050501654533,False
A0A804HUK5,0.8835684530055378,False
A0A4S8JW04;A0A4S8JW04;A0A804J0H2;A0A804J0H4;A0A804J0H5;A0A804J0H6,0.8826408515340027,False
A0A804JLT8,0.8825514265287164,False
A0A4S8JMJ0;A0A4S8JMJ0;A0A804HQB1,0.8823286950581892,False
A0A804HT56,0.8821118195823603,False
A0A4S8IKY7;A0A4S8IKY7;A0A804JD27,0.8813876118652731,False
A0A804KZD9,0.8811352108490816,False
A0A4V6T4T8;A0A4V6T4T8;A0A804IXL6,0.8809389843462356,False
A0A804I6R9;A0A804I6S0,0.8807909493048941,False
A0A804KA10,0.880420722178177,False
A0A4S8J9G0;A0A4S8J9G0,0.8799170195319052,False
A0A804KV14,0.8797556904529416,False
A0A4S8JZS4;A0A4S8JZS4;A0A804JA47;A0A804JA48,0.8797497827734281,False
A0A804K1B7,0.879577487687439,False
A0A804JC76,0.8795454344531981,False
A0A4S8JUB9;A0A4S8JUB9;A0A804J318;A0A804J319;A0A804J320,0.879323351171204,False
A0A804JCQ3,0.8789820117483069,False
A0A804HPZ6,0.8784156793569812,False
A0A4S8IBF1;A0A4S8IBF1;A0A804I4A8,0.8782980708508255,False
A0A4S8IGS4;A0A4S8IGS4;A0A804KK85,0.8782396788214915,False
A0A804IZE4,0.8781860867764629,False
A0A804IUS2,0.8779547531940434,False
A0A804JZ94,0.8766971124506084,False
A0A4S8JCR4;A0A4S8JCR4;A0A804JZX9,0.8765924747007738,False
A0A804IBI1,0.8755991112675993,False
A0A4S8JXS1;A0A4S8JXS1;A0A804J729,0.8749120765530745,False
A0A4S8JCR5;A0A4S8JCR5;A0A804JZN9;A0A804JZP0,0.8747872557136995,False
A0A4S8IKI1;A0A4S8IKI1;A0A804JCD3,0.8744816674119217,False
A0A804HMP2,0.8744215528863862,False
A0A804J6Z5,0.874015099553544,False
A0A4S8JUZ7;A0A4S8JUZ7,0.8738555980622243,False
A0A804IHA4,0.8738315355135857,False
A0A804JWC6,0.8737513429667184,False
A0A804IUB3,0.8736809271456609,False
A0A804K4K6,0.8734709895170253,False
A0A4S8INJ2;A0A4S8INJ2;A0A804I500;A0A804K9F4,0.8729294140322803,False
A0A4S8JXC3;A0A4S8JXC3;A0A804J6B4,0.872764834218929,False
A0A804JTK8,0.8726434451730755,False
A0A804L4R4,0.8722089189503233,False
A0A804K5Q7,0.8718888862226756,False
A0A804L4P2,0.8717115401690338,False
A0A804JHW3,0.871632668838861,False
A0A804L294,0.8715064889326323,False
A0A4S8IEJ4;A0A4S8IEJ4;A0A804KGQ4,0.8714815739838984,False
A0A804I2M3,0.8702415290430172,False
A0A804K6A6,0.8697267255903084,False
A0A4S8JH96;A0A4S8JH96;A0A804JT34,0.8694928214277354,False
A0A4S8IP66;A0A4S8IP66;A0A804JI55,0.8693310902034521,False
A0A804K8N2,0.8692588625822832,False
A0A804L8I2,0.8690452090552162,False
A0A4S8IUB6;A0A4S8IUB6;A0A804L152,0.8687118696416605,False
A0A4S8JX24;A0A4S8JX24,0.8683573268747701,False
A0A804L3Y3,0.8682520561583024,False
A0A804HR48,0.86774510664063,False
A0A4V4H8H4;A0A4V4H8H4;A0A804J9W8,0.8676778699311459,False
A0A4V4H754;A0A4V4H754,0.8675398386397973,False
A0A804K7C1;A0A804K7C2,0.8675179053595855,False
A0A4V4H7V8;A0A4V4H7V8;A0A804J4G0,0.8675012109346453,False
A0A4S8IG25;A0A4S8IG25,0.8674726816596696,False
A0A804L2Y3,0.8673316630514529,False
A0A4S8IZT0;A0A4S8IZT0;A0A804KS69,0.8673219433358188,False
A0A4S8JSY7;A0A4S8JSY7;A0A804IZN0,0.8668565759305372,False
A0A4S8J4T5;A0A4S8J4T5,0.8666992228791192,False
A0A4S8IW73;A0A4S8IW73,0.8666684697058268,False
A0A804KSH1,0.8664910074909965,False
A0A4S8IH12;A0A4S8IH12;A0A804KIT5,0.8662588825050955,False
A0A804IV27,0.8654996504967398,False
A0A804JNG7,0.8650981829580723,False
A0A804JTU5,0.8648238416520793,False
A0A804KIE6,0.8647148533915201,False
A0A804HRW8,0.8644234488657772,False
A0A4S8J0R6;A0A4S8J0R6;A0A804L2T4,0.8640562255728765,False
A0A4V4H9Z3;A0A4V4H9Z3;A0A804ISR2,0.8640346116386656,False
A0A804J134,0.8639983385493287,False
A0A804KG85,0.8638460960840384,False
A0A804JI87;A0A804JI88,0.863502692861762,False
A0A4S8KBC5;A0A4S8KBC5;A0A804INQ7,0.863069660878224,False
A0A804KFR8,0.8630655741397429,False
A0A804LA56,0.8629662153952206,False
A0A804K070,0.8627279286557775,False
A0A4V4H434;A0A4V4H434;A0A804JJ91,0.8624766828913745,False
A0A804KAX5,0.8622443475716097,False
A0A804JMV3,0.8612937885189785,False
A0A804K4C5,0.8612489076892457,False
A0A4S8JR51;A0A4S8JR51;A0A804HVF2;A0A804HVF4,0.861239999240018,False
A0A804JVJ8,0.8611332086470245,False
A0A804I0R2,0.8610639174485666,False
A0A4S8IIK2;A0A4S8IIK2,0.8607988398820831,False
A0A804I688,0.8606493877626332,False
A0A804INR5,0.8605633520003821,False
A0A4S8JQY5;A0A4S8JQY5;A0A804HV45,0.8604456838816281,False
A0A804IQU9,0.8604348146302545,False
A0A804IJ40,0.8599089584816675,False
A0A804I4M6,0.8591490268239259,False
A0A804K6S6,0.8591058523409576,False
A0A4V6T3Z7;A0A4V6T3Z7;A0A804I525,0.8589798110447933,False
A0A4S8K1H4;A0A4S8K1H4;A0A804K3C4,0.8584649865874601,False
A0A4S8K442;A0A4S8K442;A0A804JIG3,0.858135574025238,False
A0A804IC41;A0A804IC42,0.8580942151274469,False
A0A4S8I2I3;A0A4S8I2I3;A0A4S8I5F2;A0A4S8I5F2;A0A4S8I5P2;A0A4S8I5P2;A0A4S8I5R4;A0A4S8I5R4;A0A4S8I6U9;A0A4S8I6U9;A0A4S8I713;A0A4S8I713;A0A4S8I7J2;A0A4S8I7J2,0.8577771739102751,False
A0A804JJK3,0.8577334744861882,False
A0A804L8U4,0.8574924725917558,False
A0A4S8JUX5;A0A4S8JUX5;A0A4V4H524;A0A4V4H524;A0A804KT51,0.8574513776897744,False
A0A804K307,0.8573925101630393,False
A0A804JJZ7,0.8561966904403155,False
A0A804L7Z2,0.8554372109229313,False
A0A804IQS7,0.8547704279504419,False
A0A804L4N8,0.8543563887489751,False
A0A804K0F4;A0A804K0F5,0.8542065254045903,False
A0A804KWM6,0.8540830585292504,False
A0A804IP28,0.8536570413353708,False
A0A4S8JZ33;A0A4S8JZ33;A0A804J946,0.8534355285858148,False
A0A804J0E7;A0A804J0E8,0.8533212366642966,False
A0A804JM31,0.8532002236034651,False
A0A804K949,0.8531611471409942,False
A0A804K0F2;A0A804K0F3,0.8529997838135973,False
A0A4S8JMD8;A0A4S8JMD8;A0A804HQL0,0.8520147721655708,False
A0A4S8IEX9;A0A4S8IEX9;A0A804KHI4,0.8520056284416667,False
A0A4S8K7C5;A0A4S8K7C5,0.8518605840648329,False
A0A4S8K3E9;A0A4S8K3E9,0.8516156537841001,False
A0A4S8IBD1;A0A4S8IBD1;A0A804I0F9;A0A804I0G0,0.8514404168295788,False
A0A804JKJ1;A0A804JKJ2,0.8513290585307827,False
A0A804K4W0,0.8512360792420599,False
A0A4S8K8R8;A0A4S8K8R8;A0A804IJG5;A0A804IJG6,0.8510621319038645,False
A0A4S8JRE8;A0A4S8JRE8,0.8503776537840454,False
A0A804JKT4,0.8503321888063512,False
A0A804JU07;A0A804KQ12,0.8499925101201294,False
A0A804IS21,0.8494406972481374,False
A0A4S8K745;A0A4S8K745;A0A804KBW0;A0A804KBW1,0.8492980263040838,False
A0A4S8JS01;A0A4S8JS01;A0A804HNC0,0.8491719008597548,False
A0A804L2R2;A0A804L2R3,0.8491632891196912,False
A0A804KCK1,0.849035671305549,False
A0A804JHT7,0.8487430153374224,False
A0A804HNM8,0.8479308539104472,False
A0A4S8KD36;A0A4S8KD36,0.8477255821830214,False
A0A4S8IMN4;A0A4S8IMN4;A0A804JG01,0.8476018875339397,False
A0A4S8I869;A0A4S8I869;A0A804HZ31,0.8475784049531165,False
A0A804JYJ2,0.8472908801751579,False
A0A804KQL6,0.8468855956045803,False
A0A4S8KFV7;A0A4S8KFV7;A0A804IVL2,0.8464998808951822,False
A0A804L4L2,0.8463776578118871,False
A0A4S8I9J5;A0A4S8I9J5;A0A804I175;A0A804I176,0.8462552261182232,False
A0A804HR12,0.8461065395978237,False
A0A804I5B5,0.8459813235104996,False
A0A4S8J9D2;A0A4S8J9D2;A0A804I9P4,0.8456826978043895,False
A0A804K9U2,0.8455440341908347,False
A0A4S8JH51;A0A4S8JH51;A0A804HNA7,0.8448072026051854,False
A0A4S8IPW3;A0A4S8IPW3;A0A804JJ92,0.8447126932301955,False
A0A804IEX2,0.8445751237190013,False
A0A4S8JA15;A0A4S8JA15;A0A804HMJ9,0.844368133363921,False
A0A4V4H2L4;A0A4V4H2L4;A0A804I1Y9,0.8443169999796133,False
A0A804JPM2,0.8442912527305825,False
A0A804KM16,0.8435057497148517,False
A0A4S8IAT1;A0A4S8IAT1;A0A4S8K806;A0A4S8K806;A0A4V4H7L7;A0A4V4H7L7;A0A804HUZ3;A0A804I3C9;A0A804KD70,0.8434680293451348,False
A0A4S8J785;A0A4S8J785;A0A804I821,0.843192903016183,False
A0A4S8IDW1;A0A4S8IDW1;A0A804KFY2,0.8429993908505007,False
A0A804HX16,0.8428618637129481,False
A0A4S8K4T8;A0A4S8K4T8;A0A804K8B4,0.8428053860455138,False
A0A4S8IKT0;A0A4S8IKT0;A0A804JD09,0.8421367283783306,False
A0A804IAR8,0.8419825837663963,False
A0A4S8JGB9;A0A4S8JGB9,0.8414475537580665,False
A0A804L4F1,0.8413786926598651,False
A0A804L186,0.8410013876669936,False
A0A804HQU9,0.8407778533976369,False
A0A4S8ITZ3;A0A4S8ITZ3;A0A804L1Q0,0.8404391542658297,False
A0A804KPS2,0.8397289000478798,False
A0A804HR89,0.8393413007533187,False
A0A4S8JFF9;A0A4S8JFF9;A0A804JY99,0.8390794992395877,False
A0A804JYB5,0.8389518474448338,False
A0A804IFE0,0.8387546563393911,False
A0A4S8KBI9;A0A4S8KBI9,0.8385884214264039,False
A0A804KG11,0.8385640382158502,False
A0A4S8KBR7;A0A4S8KBR7,0.8384718018264966,False
A0A804KB58,0.8379781678642141,False
A0A4S8IA40;A0A4S8IA40,0.8377978843465567,False
A0A804IFB1,0.8377722469010118,False
A0A804JIX5,0.8376489467257362,False
A0A804JZU6,0.8375913933244351,False
A0A804J8W4,0.8375283526253923,False
A0A804KC29,0.8366029248799149,False
A0A804JMA9,0.8365596980993405,False
A0A804KNC7;A0A804KNC8,0.8365195908645519,False
A0A804KJQ6;A0A804KJQ7,0.8361739905672477,False
A0A4S8KCB8;A0A4S8KCB8,0.8360431036678526,False
A0A4S8IPW1;A0A4S8IPW1;A0A804JK37,0.8358729090303166,False
A0A804KRE4,0.8357984608694089,False
A0A4S8JR52;A0A4S8JR52;A0A804HVF8,0.8357918287993985,False
A0A804IBI8,0.8354887566775913,False
A0A804K7I0,0.8351961604446559,False
A0A4S8IV21;A0A4S8IV21,0.8351805829661729,False
A0A804KBW3,0.8346849006906687,False
A0A804LB46,0.8343147109813053,False
A0A4S8J296;A0A4S8J296,0.8342595938089618,False
A0A804HYH0,0.8337594425567718,False
A0A4S8JXZ3;A0A4S8JXZ3;A0A804J7C6,0.8334453359296082,False
A0A804HX87,0.8333879432352455,False
A0A804J7Z2;A0A804J7Z3,0.8323092421585471,False
A0A804JL29;A0A804JL30,0.8321706201473242,False
A0A4S8KGZ8;A0A4S8KGZ8;A0A804IX11,0.8321677617121318,False
A0A4V4H258;A0A4V4H258;A0A804KR95,0.8321489858354787,False
A0A804I2N0,0.8319353548699898,False
A0A4V4H4S8;A0A4V4H4S8,0.8318159436842483,False
A0A804I5P4;A0A804I5P5,0.8313734157539362,False
A0A4S8KF43;A0A4S8KF43;A0A804IUD3;A0A804IUD4,0.8313445342873974,False
A0A4S8IEC9;A0A4S8IEC9;A0A804KGH7,0.8310867979706177,False
A0A4S8JD29;A0A4S8JD29;A0A4S8KAK7;A0A4S8KAK7;A0A4S8KCD2;A0A4S8KCD2;A0A804IJ48;A0A804IQE9;A0A804JZW3,0.8309410481404876,False
A0A4S8IP30;A0A4S8IP30;A0A804JI44,0.8309341586512465,False
A0A4S8JFT9;A0A4S8JFT9,0.8307246492822261,False
A0A804HXH2,0.830716127791814,False
A0A4S8IVZ4;A0A4S8IVZ4;A0A804L0Q3,0.8304861011558711,False
A0A804IDF1;A0A804JM77,0.8304037962596827,False
A0A804I7E6,0.8295115961126248,False
A0A4S8KHK9;A0A4S8KHK9;A0A804I403,0.8289391877966813,False
A0A4V4H8S2;A0A4V4H8S2;A0A804K4A0,0.8289203690506562,False
A0A804J496,0.8280615397154976,False
A0A4V4H7J5;A0A4V4H7J5;A0A804HTJ3,0.8278695805548579,False
A0A804HY17;A0A804IGG7;A0A804JA33;A0A804JHC8;A0A804KKC4;A0A804KST1;A0A804LB52;M0REH8,0.8278022391565089,False
A0A4S8J399;A0A4S8J399;A0A804L7V0,0.8277367244033897,False
A0A804HWV6,0.827562953988742,False
A0A4S8ILD8;A0A4S8ILD8;A0A804JDY7,0.8273700741804126,False
A0A4S8K799;A0A4S8K799;A0A804KBY9,0.8272631980706799,False
A0A4V4H3E6;A0A4V4H3E6;A0A804KM30,0.8272019363288021,False
A0A4S8IN34;A0A4S8IN34;A0A804JGP9,0.8268533107741707,False
A0A804JEQ1,0.8268442420737426,False
A0A804I3I0,0.8267044142325587,False
A0A804II99;A0A804IIA0;A0A804IIA1,0.8262794152613205,False
A0A804I497,0.8262408482872653,False
A0A4S8IYB2;A0A4S8IYB2;A0A804KUS2;A0A804KUS3,0.8261999403683769,False
A0A804J5W0,0.826191365530168,False
A0A4S8JJ74;A0A4S8JJ74,0.8256760863855536,False
A0A4V4H3A8;A0A4V4H3A8;A0A804KKK2,0.8256261983649176,False
A0A4S8KCL6;A0A4S8KCL6,0.8254250870370857,False
A0A804KB70;A0A804KB72,0.825303190208914,False
A0A804JZL1,0.8250728760643776,False
A0A804L9X6,0.8250567183335418,False
A0A4S8JAC9;A0A4S8JAC9;A0A804HLW3,0.8249586619718375,False
A0A804HRU6,0.8247436039764842,False
A0A4S8JXM8;A0A4S8JXM8;A0A804J6W0,0.8243836655313841,False
A0A804IV41;A0A804J4K2,0.8237477866459695,False
A0A4S8I1S0;A0A4S8I1S0;A0A4S8I227;A0A4S8I227,0.8236937291429346,False
A0A4S8J4W2;A0A4S8J4W2;A0A804L9A9;A0A804L9B0,0.8232885172194059,False
A0A804KA72,0.823154948419257,False
A0A4S8IXT1;A0A4S8IXT1;A0A804KVK0,0.8231010053117058,False
A0A804IF60,0.8229878576721683,False
A0A804KQW4,0.8229618584052664,False
A0A804K8W9;A0A804K8X0;A0A804K8X1,0.8228092029548332,False
A0A4S8KG41;A0A4S8KG41;A0A804IVP8,0.8225869797020311,False
A0A804HUA9,0.822440782051597,False
A0A804KAS5,0.8224230547402007,False
A0A804KNG1,0.822012729279633,False
A0A4S8K3D5;A0A4S8K3D5;A0A4S8KE46;A0A4S8KE46;M0RWA0,0.8219298824831782,False
A0A4S8JHT2;A0A4S8JHT2;A0A804JRU0,0.8218352518241522,False
A0A4S8JA10;A0A4S8JA10,0.8216823394608294,False
A0A804JD07,0.821196825776949,False
A0A804U5L0,0.8211279898106034,False
A0A4S8K1L2;A0A4S8K1L2;A0A804K3F7,0.8206587129525839,False
A0A4S8K3E5;A0A4S8K3E5;A0A804K677,0.8206188146848744,False
A0A804HT87,0.8205603003026326,False
A0A4V4H8N7;A0A4V4H8N7;A0A804K2V9,0.8205309672339245,False
A0A804HTF6,0.8205195138576854,False
A0A4S8JJS3;A0A4S8JJS3;A0A804IHY3;A0A804IHY4;A0A804KMH1;A0A804KMH3;A0A804KMH4,0.8199051438690358,False
A0A804JW59,0.8198486507181983,False
A0A804KXV2,0.8196560534546954,False
A0A4S8IPQ7;A0A4S8IPQ7;A0A804KLV6,0.8195266688480246,False
A0A804L0R9,0.8195104840457431,False
A0A804JE00,0.819502322102755,False
A0A4V4HA87;A0A4V4HA87,0.8193830229504427,False
A0A4S8IMV0;A0A4S8IMV0,0.8190723602756054,False
A0A4S8I761;A0A4S8I761;A0A804I6Q1,0.8190161293704039,False
A0A4S8IKA3;A0A4S8IKA3;A0A804JCB1;A0A804JCB2,0.8189509119836582,False
A0A4S8K7Q6;A0A4S8K7Q6,0.8186130309706686,False
A0A4S8JLU1;A0A4S8JLU1;A0A4S8JNA4;A0A4S8JNA4;A0A4S8JQ57;A0A4S8JQ57;A0A804HPP1;A0A804HS38;A0A804HS70,0.8182504729167037,False
A0A804IAP2,0.8180013718272597,False
A0A4S8JUY6;A0A4S8JUY6,0.8178892803764953,False
A0A804L7L6,0.8177181223074619,False
A0A804HUV6,0.8177144972745919,False
A0A4S8KC12;A0A4S8KC12;A0A804IPQ8,0.8176279726876221,False
A0A804KMP0,0.8175663076711145,False
A0A804JY83,0.8175164524594357,False
A0A4S8IWS8;A0A4S8IWS8;A0A804KX96,0.8170317929359057,False
A0A4S8IMM5;A0A4S8IMM5;A0A804JG09,0.8170186519034168,False
A0A804K6L3,0.8163963952243016,False
A0A4S8J851;A0A4S8J851;A0A4S8JZ20;A0A4S8JZ20;A0A804I9F7,0.8163114779679418,False
A0A4S8JNR7;A0A4S8JNR7;A0A804HSY2,0.8160240088484432,False
A0A804JJR5,0.8158969915264757,False
A0A804KCF6,0.8142167535606362,False
A0A4S8IEB4;A0A4S8IEB4;A0A804KGI4,0.8141413280298946,False
A0A4V4HA26;A0A4V4HA26;A0A804HT19;A0A804IU76,0.8139863742162343,False
A0A804IJC3,0.8134773353918583,False
A0A4S8JUI8;A0A4S8JUI8;A0A804J2R5,0.813166034491378,False
A0A4S8IPC7;A0A4S8IPC7,0.812990763979994,False
A0A4S8JFS7;A0A4S8JFS7;A0A804JV49,0.8129484006535909,False
A0A804KQ50,0.8128723956448914,False
A0A804JM80,0.8127720192176356,False
A0A4S8J285;A0A4S8J285;A0A804L2T9,0.8125364219443092,False
A0A4S8JLE8;A0A4S8JLE8;A0A804IF56,0.8122318173100579,False
A0A804JEV5,0.8121527316698611,False
A0A4S8IW09;A0A4S8IW09;A0A804KYG1,0.8119570808217258,False
A0A4S8IUQ0;A0A4S8IUQ0;A0A804L0R6;A0A804L0R7,0.8111209047564687,False
A0A4S8K8I3;A0A4S8K8I3;A0A804IJA3;A0A804IJA4;A0A804IJA6,0.8109133702157791,False
A0A804I349,0.8103088422647374,False
A0A4S8JYE4;A0A4S8JYE4;A0A804J7X9,0.8101887428649456,False
A0A804HSY1,0.8101623540108124,False
A0A804J1S8,0.8100683665907957,False
A0A4S8IAZ5;A0A4S8IAZ5,0.8100656451405172,False
A0A4S8KDG8;A0A4S8KDG8,0.8099798990912848,False
A0A4S8ISU4;A0A4S8ISU4;A0A804JJY2,0.8097338813279197,False
A0A804HNX7;A0A804HNX8,0.8095122371677114,False
A0A804IJZ7,0.8092377767670347,False
A0A4S8IH36;A0A4S8IH36,0.8089006454623919,False
A0A4S8JNT9;A0A4S8JNT9;A0A804HSG3,0.808388979157153,False
A0A4S8J1E1;A0A4S8J1E1;A0A804KTM7,0.8083580059602106,False
A0A804HSG1,0.8080376442481028,False
A0A4S8KB30;A0A4S8KB30;A0A804INE0,0.8080190395467374,False
A0A804KGS1,0.8077905699472038,False
A0A804JG96,0.8075335334170987,False
A0A4S8J2H3;A0A4S8J2H3;A0A804L5L2,0.8071750829521048,False
A0A804INY6,0.8071444723699598,False
A0A4S8JKG0;A0A4S8JKG0;A0A804IGT2;A0A804IGT3,0.806936032776955,False
A0A4S8K3K5;A0A4S8K3K5;A0A804K6E0,0.8067645368600449,False
A0A4S8JRD2;A0A4S8JRD2;A0A804HVT2,0.8062718624983538,False
A0A4S8K9W4;A0A4S8K9W4;A0A804ILH7,0.8060840738237844,False
A0A4S8K929;A0A4S8K929;A0A804IK74,0.8058848013530469,False
A0A804JKN0;A0A804JKN1;A0A804JKN2,0.8053620060625335,False
A0A4S8IKZ4;A0A4S8IKZ4,0.8051690778889591,False
A0A804K4K8,0.8049304903752589,False
A0A4S8IH71;A0A4S8IH71,0.8047163393408472,False
A0A804IDB1,0.8046422079955676,False
A0A4S8ILV1;A0A4S8ILV1;A0A804JES3,0.8045078252407201,False
A0A4S8IVT5;A0A4S8IVT5;A0A4S8JG31;A0A4S8JG31;A0A804JVL0;A0A804KYT8,0.8044310233606484,False
A0A4S8J640;A0A4S8J640;A0A804LB68,0.8037958039336995,False
A0A4S8I8R3;A0A4S8I8R3;A0A804HXR5;A0A804HXR6,0.8037125437506314,False
A0A804JXR7,0.803676919809257,False
A0A804L7W7,0.8031456572903514,False
A0A4S8KDU0;A0A4S8KDU0;A0A804IS98,0.802712428680873,False
A0A4S8KDN6;A0A4S8KDN6,0.8027123787807006,False
A0A804J351;A0A804J352,0.8021831640973502,False
A0A804KIP8,0.8016143393615113,False
A0A4S8J942;A0A4S8J942;A0A804I899;A0A804KIV8;A0A804KIV9,0.8015140810698282,False
A0A4S8J837;A0A4S8J837;A0A804I988,0.80149103274021,False
A0A4S8K9A1;A0A4S8K9A1,0.801467853273347,False
A0A4V6T4S5;A0A4V6T4S5;A0A804ISD8,0.8014463521789139,False
A0A4S8JLM7;A0A4S8JLM7;A0A804HPC7,0.8010130652872307,False
A0A804L6K5,0.8006579953574801,False
A0A4S8KBK9;A0A4S8KBK9;A0A4S8KBN6;A0A4S8KBN6;A0A804IP61;A0A804IP62,0.8003616615409667,False
A0A804I380,0.8002757578728699,False
A0A804KJW0,0.8000286071486101,False
A0A4S8JAZ1;A0A4S8JAZ1,0.7999720689896301,False
A0A804U5K9,0.7999697018251924,False
A0A804KNE4,0.7991935595061509,False
A0A804KDC4,0.7987887093146214,False
A0A804KLS0,0.7984175462579397,False
A0A804IQR7,0.7981181733387055,False
A0A804KPT6,0.7980973975190875,False
A0A804KT26,0.7980285857615531,False
A0A4S8ICH7;A0A4S8ICH7,0.7979328943166417,False
A0A804J218,0.7978290706113749,False
A0A804HY24,0.7975094350171168,False
A0A4S8IL35;A0A4S8IL35;A0A4S8K0E0;A0A4S8K0E0;A0A4S8K264;A0A4S8K264;A0A804JBE7;A0A804K1H5;A0A804K4A8,0.7973476020175732,False
A0A804HVD1,0.7964537542732641,False
A0A804IBR1,0.7963939719659858,False
A0A4S8JFM0;A0A4S8JFM0,0.7963864532528383,False
A0A4S8JBQ9;A0A4S8JBQ9;A0A804HNW3,0.7961583515070021,False
A0A804IPE5,0.7958798044026077,False
A0A4S8J7J4;A0A4S8J7J4;A0A804L9J3,0.7958321915677254,False
A0A804JFS4,0.7956478186364077,False
A0A4S8JV78;A0A4S8JV78,0.7955383084088482,False
A0A804I699,0.7955200917782166,False
A0A804IX00,0.7953554617469968,False
A0A4S8K704;A0A4S8K704;A0A804KBH8,0.7953311848196662,False
A0A804IHU0,0.7947556613420372,False
A0A4S8J2P7;A0A4S8J2P7;A0A4S8J4Y6;A0A4S8J4Y6;A0A804L4G5;A0A804L9E5,0.794510932223858,False
A0A804JCL2,0.7944577277849681,False
A0A804L3Y6,0.794175722488997,False
A0A804J591,0.7940101412714586,False
A0A4V6T4P8;A0A4V6T4P8,0.793998290971532,False
A0A804KSS3,0.7939804960722661,False
A0A804JQX8,0.793865461431769,False
A0A4S8JD54;A0A4S8JD54,0.7937550771038343,False
A0A804KP27,0.7936235690979971,False
A0A804IVG6,0.7932969805069321,False
A0A4S8JFN9;A0A4S8JFN9;A0A804JV95,0.7930816364196648,False
A0A4S8I925;A0A4S8I925,0.7929529669462141,False
A0A804JXC2,0.7929132935464476,False
A0A804J207,0.792810236307604,False
A0A4S8ILK6;A0A4S8ILK6,0.7926976686102168,False
A0A804J072,0.7925927142935515,False
A0A4S8IKF2;A0A4S8IKF2;A0A4S8JYR6;A0A4S8JYR6;A0A804J8G5,0.7922402061486926,False
A0A4S8KBX1;A0A4S8KBX1,0.7921281826875676,False
A0A804JGB0,0.7919181635692438,False
A0A804JPW4;A0A804JPW5,0.7916898377636219,False
A0A4S8JCY8;A0A4S8JCY8,0.790845563275331,False
A0A4S8IC45;A0A4S8IC45;A0A4S8IPM0;A0A4S8IPM0;A0A4S8IXM5;A0A4S8IXM5;A0A4S8IZQ5;A0A4S8IZQ5;A0A4S8J0D3;A0A4S8J0D3;A0A804I411;A0A804JH38;A0A804KRM6;A0A804KT50;A0A804KVV7,0.7908065009533594,False
A0A804JX24,0.790749933926902,False
A0A4S8J650;A0A4S8J650;A0A804LBB5,0.7907162764496048,False
A0A804K645,0.7906809470689271,False
A0A4S8JNK2;A0A4S8JNK2;A0A804HS13,0.7903668786731912,False
A0A804J886,0.790319572219204,False
A0A804J198,0.7902114481877285,False
A0A804L8F9,0.7901903789821132,False
A0A4S8I8L1;A0A4S8I8L1;A0A804HZR8,0.7894821186195266,False
A0A804IZR3,0.7894337830180591,False
A0A804JLD5,0.7890736737680542,False
A0A4S8JQ85;A0A4S8JQ85;A0A804HRM9,0.7890432109755086,False
A0A4S8JIF6;A0A4S8JIF6;A0A804JUW8,0.788302097932179,False
A0A4V4H2P5;A0A4V4H2P5;A0A804I397,0.7881370865691666,False
A0A804ITZ8,0.787542956187228,False
A0A4S8JQU8;A0A4S8JQU8;A0A804HUY9,0.787395435726127,False
A0A804JPW3,0.7866867669332327,False
A0A804KVR2,0.7866242319348624,False
A0A4S8KFH9;A0A4S8KFH9,0.7862963585068727,False
A0A804IZ37,0.7862289586461837,False
A0A804J4I2,0.7855045219374954,False
A0A804ID60,0.785276099480669,False
A0A804JLT1,0.7852327726240842,False
A0A4S8KEW3;A0A4S8KEW3;A0A804IU29,0.7848821240400597,False
A0A4S8J8J4;A0A4S8J8J4,0.7847478976843153,False
A0A804HZZ1;A0A804HZZ2,0.7845219022120382,False
A0A4S8J5H7;A0A4S8J5H7;A0A4S8K7H7;A0A4S8K7H7;A0A804KCJ3;A0A804KCJ4;A0A804L6F9;A0A804L6G0,0.7845122286622372,False
A0A804KG31,0.7844541539379487,False
A0A4S8K723;A0A4S8K723;A0A804KBT3;A0A804KBT4,0.784341211060896,False
A0A804K9A4;A0A804K9A5,0.7841255956655415,False
A0A4S8IVD2;A0A4S8IVD2,0.7837663225873396,False
A0A4S8IGR1;A0A4S8IGR1;A0A804KIB6,0.7837454948748344,False
A0A4S8J3U0;A0A4S8J3U0;A0A804L7N5,0.7832226412600571,False
A0A4S8ILL3;A0A4S8ILL3;A0A804JEG4,0.7831699514828591,False
A0A4S8ICN0;A0A4S8ICN0,0.7830444556096008,False
A0A4S8JCZ8;A0A4S8JCZ8;A0A804K160,0.7829978843804799,False
A0A4S8JQR0;A0A4S8JQR0;A0A804HUE1,0.7820983083932299,False
A0A4S8JTH4;A0A4S8JTH4;A0A4S8KH39;A0A4S8KH39;A0A804IUX6;A0A804IXE8;A0A804J4E5,0.7820683337764456,False
A0A804I911,0.7818820289147442,False
A0A804HTM2;A0A804HTM4,0.7817170689886571,False
A0A804K8Y7,0.7817077632299659,False
A0A4S8IEZ0;A0A4S8IEZ0;A0A804I628,0.781703244231022,False
A0A4S8K2G2;A0A4S8K2G2;A0A4V4H5A9;A0A4V4H5A9;A0A804K4S2;A0A804L4K8;A0A804L4K9,0.7816357472693594,False
A0A804KQ84,0.7815045876362173,False
A0A4V4H7L0;A0A4V4H7L0;A0A804HTU2;A0A804HTU3;A0A804HTU4;A0A804HTU5;A0A804HTU6;A0A804HTU7,0.7813450592978141,False
A0A804IKX9,0.7810325695569241,False
A0A4S8JCR6;A0A4S8JCR6;A0A804JZV2,0.7806903947059123,False
A0A804IMD1,0.7806416484916049,False
A0A4S8IGJ9;A0A4S8IGJ9;A0A804KJV5,0.7805886544728857,False
A0A4S8JYT8;A0A4S8JYT8;A0A804J8K1,0.7804295032887169,False
A0A4S8JMG3;A0A4S8JMG3;A0A804HQQ7,0.7799287645750984,False
A0A804KEB5,0.7795809713380758,False
A0A4S8ID60;A0A4S8ID60;A0A804I5P6,0.7794519961440899,False
A0A4S8K8B7;A0A4S8K8B7;A0A804KE10,0.7792996225031871,False
A0A804IDS8,0.7792090963250023,False
A0A4S8I837;A0A4S8I837,0.7790158917267944,False
A0A804K6J7,0.7787344418404255,False
A0A4S8IZ81;A0A4S8IZ81;A0A4S8J6L6;A0A4S8J6L6;A0A4S8JZ75;A0A4S8JZ75;A0A4V4H5K7;A0A4V4H5K7;A0A804J9D5;A0A804KSE7;A0A804L5P6;A0A804L8Z2;A0A804LBN8,0.7784907218087541,False
A0A804HXF1,0.7784207419359205,False
A0A804J5E6,0.7781960168576765,False
A0A4S8K3R3;A0A4S8K3R3;A0A804K6Q2,0.7781042480836944,False
A0A804IZA2,0.7780418908468094,False
A0A4S8JG24;A0A4S8JG24;A0A804I561;A0A804JVM3,0.7779632613104187,False
A0A4V4H6D4;A0A4V4H6D4;A0A804JZW2,0.7778240867269215,False
A0A804IME2,0.7777180772862199,False
A0A4V4H2S1;A0A4V4H2S1;A0A804I4F8,0.7773275207100894,False
A0A804HZ73,0.7771085522927806,False
A0A4S8J9J9;A0A4S8J9J9;A0A4V4H383;A0A4V4H383;A0A804I914;A0A804I918;A0A804KJD2;A0A804KJD4,0.776477342298242,False
A0A804JRV7,0.7762539880833542,False
A0A4S8IXD8;A0A4S8IXD8;A0A804KW78,0.7761763739732419,False
A0A4S8KAG7;A0A4S8KAG7,0.7757755158184988,False
A0A804HQE9,0.7756997248307745,False
A0A804JJX8,0.7756672271492905,False
A0A804IIY3,0.7756451102354918,False
A0A4S8IKN1;A0A4S8IKN1;A0A804JCR2,0.7746448310590947,False
A0A804IL14;A0A804IL17;A0A804IL18,0.7743955278812351,False
A0A804K4B5,0.7743042231115647,False
A0A804JDP6,0.7742891205558564,False
A0A804JKY8,0.7742279398411043,False
A0A4S8IJG8;A0A4S8IJG8,0.7739557481004219,False
A0A4S8JD74;A0A4S8JD74;A0A4S8KB23;A0A4S8KB23;A0A804JYX5,0.7736310475312984,False
A0A4S8JIU6;A0A4S8JIU6;A0A804JQK6;A0A804JQK7;A0A804JQK8,0.7736255512336478,False
A0A4S8IH29;A0A4S8IH29;A0A4S8J953;A0A4S8J953;A0A804IAE6;A0A804KKR1,0.77360019621081,False
A0A4S8JQI8;A0A4S8JQI8;A0A804HUM8,0.7734898479436814,False
A0A804ISB2,0.7733925401959111,False
A0A804KU20,0.7728615896470488,False
A0A4S8IYZ7;A0A4S8IYZ7,0.772382077327199,False
A0A4S8JYT6;A0A4S8JYT6,0.7723517313959887,False
A0A4V4H576;A0A4V4H576,0.7722180570707105,False
A0A4S8KCM0;A0A4S8KCM0,0.7719766211630598,False
A0A804KBS2,0.7718725476206367,False
A0A4S8JYH1;A0A4S8JYH1,0.7717212218800332,False
A0A804JU30,0.7715935839392705,False
A0A804JB19;A0A804JB20,0.7712440267023156,False
A0A4S8JAF5;A0A4S8JAF5;A0A804IBB0,0.7712059482543806,False
A0A804JR03,0.7711650922893409,False
A0A4S8KFE0;A0A4S8KFE0;A0A804IUP1,0.7705929074711306,False
A0A804K7W7;A0A804K7W8;A0A804K7W9,0.7705492775052897,False
A0A4V4H9Z0;A0A4V4H9Z0;A0A804ISN3,0.7705131915233202,False
A0A4S8J428;A0A4S8J428;A0A804L7Y0;A0A804L7Y6,0.7704409800666406,False
A0A4S8IVT7;A0A4S8IVT7;A0A804KYM0,0.7697719769935344,False
A0A804IJR0,0.7692178757280651,False
A0A4S8JMK8;A0A4S8JMK8;A0A804HQX0,0.7689341036449981,False
A0A804IA68,0.768727565074225,False
A0A804KZK5,0.7687234726390945,False
A0A804IYS5,0.7686872967326862,False
A0A4S8IP72;A0A4S8IP72,0.7683933941005202,False
A0A4S8JPB8;A0A4S8JPB8;A0A804HPR2,0.7682527161375924,False
A0A804I023,0.7679083237769723,False
A0A804JV73,0.7677444012170054,False
A0A4S8K8V5;A0A4S8K8V5;A0A804IJN4,0.7677030228635092,False
A0A804IYY0,0.7676901705887917,False
A0A804JU79,0.7673722081604473,False
A0A804KYL3,0.7673569358382042,False
A0A4S8JJ41;A0A4S8JJ41;A0A804JSY2;A0A804JSY3,0.7671132720803311,False
A0A4S8K1K8;A0A4S8K1K8;A0A804K3G0,0.7670335298093661,False
A0A4S8JJ04;A0A4S8JJ04;A0A804JT29,0.7669368443114578,False
A0A4S8IQI2;A0A4S8IQI2;A0A804JKG9,0.7668936302841876,False
A0A804JSL4,0.766832858139886,False
A0A4S8ICS5;A0A4S8ICS5;A0A804I6G2,0.7668035946134432,False
A0A4S8J5C5;A0A4S8J5C5;A0A804L9Y3,0.766586381083141,False
A0A804K5S1,0.7661918710890991,False
A0A804KN77,0.7660870017704003,False
A0A804JZR9,0.7659178135232657,False
A0A4S8JTR3;A0A4S8JTR3;A0A804J3Y7,0.765890159487509,False
A0A4S8K837;A0A4S8K837;A0A804KDK6,0.7657722651146543,False
A0A4S8K5I0;A0A4S8K5I0;A0A804K9F9,0.765544367918278,False
A0A4S8IY00;A0A4S8IY00;A0A804KV66,0.7653963764361963,False
A0A4S8JGV8;A0A4S8JGV8;A0A804JTS9,0.7653587994309081,False
A0A804KGY6,0.7653153827910986,False
A0A4S8IBI8;A0A4S8IBI8,0.7651136821465144,False
A0A804I4R6,0.7650779696548291,False
A0A4S8KHL5;A0A4S8KHL5,0.765011721618575,False
A0A4S8J211;A0A4S8J211;A0A804L4Q5,0.7649076993164022,False
A0A804HW22,0.7646514715948837,False
A0A4S8JQP9;A0A4S8JQP9;A0A804HU26,0.7645242887669934,False
A0A804JUY0;A0A804JUY1,0.7644553452920554,False
A0A804HP84,0.7643149951487581,False
A0A804KV99,0.7641381304884829,False
A0A4S8IDK9;A0A4S8IDK9;A0A4S8ISW9;A0A4S8ISW9;A0A804JPF6;A0A804JPF7;A0A804JPF8;A0A804KFA6,0.7640055101438068,False
A0A804IEK3;A0A804IEK4,0.763937689053236,False
A0A4S8JYW7;A0A4S8JYW7;A0A804J8U2,0.7638835255539947,False
A0A804J1A1,0.7637606875214413,False
A0A804IVT3,0.7636001250718114,False
A0A804KND4,0.7633524077431921,False
A0A4S8ICT1;A0A4S8ICT1;A0A804I687,0.7633289385854745,False
A0A4V4H5J9;A0A4V4H5J9,0.7632825250626013,False
A0A804I4Z4,0.7626397495758499,False
A0A804K7Q1,0.7625066493157173,False
A0A4S8JX27;A0A4S8JX27;A0A804J5Z5;A0A804J5Z6;A0A804J5Z7,0.7625026042457568,False
A0A4S8J2M0;A0A4S8J2M0;A0A804L5N8,0.7620035693321704,False
A0A804J1J6,0.7618046674327705,False
A0A4S8IFR4;A0A4S8IFR4;A0A804KIT7,0.7617721367181706,False
A0A804L189,0.7615536977503079,False
A0A804K2K8,0.7611096801723891,False
A0A804IS71;A0A804IS72;A0A804IS73;A0A804IS74;A0A804IS75,0.7609973286144044,False
A0A4S8K953;A0A4S8K953;A0A804IKA7,0.760722638616641,False
A0A4S8JGR3;A0A4S8JGR3;A0A804JUR5,0.7605383430206386,False
A0A804HSS0,0.7605110158910711,False
A0A804K5W8,0.7604975906772148,False
A0A4S8K3K1;A0A4S8K3K1;A0A804K6C8,0.7603398232353064,False
A0A4S8IEQ1;A0A4S8IEQ1;A0A804KH86,0.760219900657136,False
A0A4S8J0U3;A0A4S8J0U3,0.7600388372943775,False
A0A4S8JA02;A0A4S8JA02;A0A804I8I6,0.7599619653100194,False
A0A804I7L7,0.7598738381090738,False
A0A4S8IST5;A0A4S8IST5;A0A804JP78,0.7587478380511807,False
A0A804KBI2,0.758558750749728,False
A0A4S8IW77;A0A4S8IW77;A0A804KZD2,0.7584257415270105,False
A0A804L3E7,0.7583569119584261,False
A0A804K927,0.7583546730822587,False
A0A4S8JLQ2;A0A4S8JLQ2;A0A804IHM1;A0A804IHM2,0.7581262636522944,False
A0A4S8IV90;A0A4S8IV90;A0A804KZL4,0.7581176023161963,False
A0A4S8J4S1;A0A4S8J4S1,0.7579473807608892,False
A0A4S8J9S6;A0A4S8J9S6;A0A804I897;A0A804I898,0.7578571086982439,False
A0A804HYJ6,0.7577890562307532,False
A0A4S8JFJ7;A0A4S8JFJ7;A0A804JX32,0.7575412869289546,False
A0A4S8JND6;A0A4S8JND6;A0A804HRW6,0.7574146500860277,False
A0A4S8K3U4;A0A4S8K3U4;A0A804K6S1,0.7571123667171054,False
A0A804JMS4,0.7570772475784616,False
A0A4S8J469;A0A4S8J469;A0A804L877,0.7566303685284689,False
A0A4S8KEU0;A0A4S8KEU0;A0A804ITV1,0.7562674509730667,False
A0A804JBP0,0.7554899700505551,False
A0A804K870,0.7548367933670296,False
A0A804HR94,0.7548150842547502,False
A0A804HUS7,0.7548012762027333,False
A0A804L378,0.7545921723456935,False
A0A804IJ99,0.7544683532930834,False
A0A804KMV1,0.7544237392959448,False
A0A4S8JG66;A0A4S8JG66,0.7539981823008186,False
A0A804L4Q2,0.7538775798381576,False
A0A804HZB7,0.7537372871552127,False
A0A804KJP8,0.7535453666879459,False
A0A804IA75,0.753072946703543,False
A0A4S8K2E5;A0A4S8K2E5;A0A804K4N4,0.7528848653929309,False
A0A804ISR3;A0A804ISR5,0.7528135941102883,False
A0A4S8JFW1;A0A4S8JFW1;A0A804JVC4;A0A804JVC6,0.7525227713469851,False
A0A804KG09,0.7524050386856679,False
A0A4S8IA64;A0A4S8IA64;A0A804I2B5,0.752038666331601,False
A0A4S8J3R0;A0A4S8J3R0;A0A804L537;A0A804L539,0.7517947707049359,False
A0A4S8JJH1;A0A4S8JJH1;A0A804JR68,0.7517183384991944,False
A0A804KPF6,0.7517044629102551,False
A0A804KNV8,0.7514781416218397,False
A0A804IET0,0.7512278094197701,False
A0A804I6U7,0.7509675771320478,False
A0A4S8IF44;A0A4S8IF44;A0A4S8K4N0;A0A4S8K4N0;A0A804I6B3;A0A804K7R8,0.7502306753990093,False
A0A4S8IR77;A0A4S8IR77;A0A804JLG2;A0A804JLG3,0.7495445780693184,False
A0A4S8JQH3;A0A4S8JQH3;A0A804HSN2,0.7495191824916786,False
A0A804JMD8,0.749431532958717,False
A0A4S8I7K5;A0A4S8I7K5;A0A4S8J3V8;A0A4S8J3V8;A0A4S8K2B7;A0A4S8K2B7;A0A804HXT1;A0A804JB89;A0A804JBJ9;A0A804K4J1,0.7489382785685249,False
A0A4S8K8J3;A0A4S8K8J3;A0A804KE39,0.748555613288687,False
A0A4V4H5G2;A0A4V4H5G2;A0A804L717,0.7484959592806587,False
A0A804KGN1,0.7482476818202667,False
A0A804JX35,0.7480737227344548,False
A0A4S8IVP1;A0A4S8IVP1;A0A804KYU6,0.7479912863025532,False
A0A804IV62,0.7479210679693994,False
A0A804KMW6;A0A804KMW7,0.7476463020271149,False
A0A4S8IQK0;A0A4S8IQK0;A0A804JKK1,0.7475677045366605,False
A0A804JSG8,0.7473715822338918,False
A0A4S8J889;A0A4S8J889;A0A804I9H7,0.7470982570030199,False
A0A4S8ILC3;A0A4S8ILC3;A0A804JE13,0.7470513442283759,False
A0A4S8J2D7;A0A4S8J2D7;A0A804L401,0.7469672606677206,False
A0A804K655,0.7467237288508709,False
A0A4S8IJ88;A0A4S8IJ88;A0A804KQE0,0.746606374408673,False
A0A804L8S3,0.7465213052623043,False
A0A804L332,0.7461692930077038,False
A0A4S8IAL2;A0A4S8IAL2;A0A804I320,0.746045314680093,False
A0A4S8JRW3;A0A4S8JRW3;A0A804HWN3,0.7459412747934122,False
A0A804JMD2,0.7459240299838599,False
A0A4S8IUH6;A0A4S8IUH6;A0A804L125,0.745762749491659,False
A0A804KCZ2;A0A804KCZ3,0.745733474700623,False
A0A804JZM9,0.7456511775027629,False
A0A804K9G4,0.7455593004416524,False
A0A804JSJ0,0.7453396378420536,False
A0A4S8JNH1;A0A4S8JNH1,0.7450515404898881,False
A0A4S8JTY7;A0A4S8JTY7,0.744723824130797,False
A0A804HUS4,0.744303595012607,False
A0A804IZY3,0.7442362911492862,False
A0A4S8JKX2;A0A4S8JKX2;A0A804IFH6,0.7440760448878223,False
A0A4S8IME2;A0A4S8IME2;A0A804JFP4,0.7439625540122483,False
A0A804JM14,0.7437640048682815,False
A0A4S8JN26;A0A4S8JN26;A0A804HRT2;A0A804HSM4,0.7437057252351714,False
A0A4S8JPM1;A0A4S8JPM1,0.7436917890007254,False
A0A4S8K222;A0A4S8K222;A0A804K453,0.7430524791233373,False
A0A4S8J0H5;A0A4S8J0H5,0.743048157224275,False
A0A4S8IXW5;A0A4S8IXW5;A0A804KWP4;A0A804KWP5;A0A804KWP6,0.7429049028855083,False
A0A4S8KA06;A0A4S8KA06;A0A804ILI4;A0A804ILI6,0.7427498437899702,False
A0A804KJH6;A0A804KJH7,0.742251316994135,False
A0A804IUF2,0.7421833691987079,False
A0A804IU97,0.7421554183418709,False
A0A4S8J3I6;A0A4S8J3I6,0.7421375377478803,False
A0A4S8JE57;A0A4S8JE57;A0A804JXF0,0.7418902821154434,False
A0A4S8IA30;A0A4S8IA30;A0A804I274,0.7418089897216514,False
A0A804KQE1,0.7417537182163626,False
A0A4S8ISH8;A0A4S8ISH8;A0A804JNJ1,0.7417152474863219,False
A0A4S8KBS4;A0A4S8KBS4;A0A804IPG2,0.7416480719720108,False
A0A4S8KEL0;A0A4S8KEL0;A0A804ITC0,0.7414563444567387,False
A0A4S8JEU4;A0A4S8JEU4;A0A804JWF1,0.7413757488020385,False
A0A804KGZ3,0.7409982074160344,False
A0A804JSU3,0.7409833232158318,False
A0A4S8J7S4;A0A4S8J7S4,0.7407380165419021,False
A0A4S8IN33;A0A4S8IN33;A0A804JEK7,0.7406366441481848,False
A0A804JMZ2,0.7404193355962502,False
A0A4S8K1E6;A0A4S8K1E6;A0A804K319,0.7403576008016461,False
A0A804U5M1,0.7403271792555047,False
A0A4S8JTF7;A0A4S8JTF7;A0A804J4F4;A0A804J4F5,0.7401885552598922,False
A0A804JAG8,0.7401261655671646,False
A0A4S8JK25;A0A4S8JK25;A0A804JRB5,0.7400269350224308,False
A0A4S8J5Z3;A0A4S8J5Z3;A0A804LB00,0.7399518632053973,False
A0A804L0V2,0.7398752560984159,False
A0A804L2J0,0.7398264400663502,False
A0A4S8JGD9;A0A4S8JGD9;A0A804JUJ3,0.7397780879016866,False
A0A4V4H2T5;A0A4V4H2T5;A0A804I5A5;A0A804I5A6,0.7396816732586754,False
A0A4S8JFZ0;A0A4S8JFZ0,0.7395030481357028,False
A0A4S8I8U0;A0A4S8I8U0;A0A4S8J2F1;A0A4S8J2F1;A0A804I015;A0A804L5F9,0.739502202697182,False
A0A804KVG6,0.7393062374778141,False
A0A4S8J2L6;A0A4S8J2L6;A0A804L5T5,0.7393017511318279,False
A0A804IY18,0.7392772028383909,False
A0A804ICU9,0.7391097985453083,False
A0A4S8IN84;A0A4S8IN84;A0A4V4H243;A0A4V4H243;A0A804I6L5;A0A804JEU3,0.7388879567852339,False
A0A804LAB7,0.7387878276277259,False
A0A4S8KHC0;A0A4S8KHC0,0.7385047004274257,False
A0A4S8IPK2;A0A4S8IPK2,0.7384667420133939,False
A0A4S8IKJ8;A0A4S8IKJ8,0.7383118329480142,False
A0A4S8IEY2;A0A4S8IEY2,0.7382077601369106,False
A0A4S8IR07;A0A4S8IR07;A0A804JLC9,0.7378254194821723,False
A0A4S8K519;A0A4S8K519;A0A804K8M6,0.7377648576447184,False
A0A4S8K2G5;A0A4S8K2G5;A0A804K4R7,0.7377176991928291,False
A0A4S8JY98;A0A4S8JY98;A0A804J7R3;A0A804J7R4,0.7375127601810604,False
A0A4S8IXW1;A0A4S8IXW1,0.7374064508308202,False
A0A4S8IWP7;A0A4S8IWP7,0.7373706666523937,False
A0A4S8IK38;A0A4S8IK38;A0A804JBV2,0.737296613828109,False
A0A804IZE0,0.7370611154364437,False
A0A4S8K4L2;A0A4S8K4L2;A0A804K7G3,0.7369643277494011,False
A0A4S8I936;A0A4S8I936;A0A804I0I2,0.7368410122807556,False
A0A4S8IB67;A0A4S8IB67;A0A4S8INL7;A0A4S8INL7;A0A4S8JI68;A0A4S8JI68;A0A4V4H4K7;A0A4V4H4K7;A0A804I3R2;A0A804IY91;A0A804JDN1;A0A804JUE6;A0A804L0K4,0.7367521254927231,False
A0A4S8K5N6;A0A4S8K5N6;A0A804K9Q7,0.7365163725096441,False
A0A4S8JG79;A0A4S8JG79;A0A804JY42,0.7364985616150656,False
A0A804J9K3,0.7358281207545362,False
A0A804K833,0.7355813300857873,False
A0A4S8KC63;A0A4S8KC63,0.7355441130460694,False
A0A4S8IMZ7;A0A4S8IMZ7,0.7355399073056251,False
A0A804I344,0.7353972655171013,False
A0A4S8IQT4;A0A4S8IQT4;A0A804JKU5,0.7346260535986507,False
A0A4S8IRL3;A0A4S8IRL3,0.7345105230293675,False
A0A804KCY3,0.7338412296949709,False
A0A804L6F2,0.7337439751027701,False
A0A4S8JMF9;A0A4S8JMF9,0.7336723968494404,False
A0A4S8KE86;A0A4S8KE86;A0A804ISW4,0.7336618259679808,False
A0A4S8JW23;A0A4S8JW23;A0A804J0E5,0.733605606834895,False
A0A804JRL7;A0A804JRL8,0.733464897523342,False
A0A4S8I878;A0A4S8I878;A0A804HZ44,0.7333429713338432,False
A0A4S8IJX6;A0A4S8IJX6;A0A804JBP7,0.7331987056443053,False
A0A4S8IRD5;A0A4S8IRD5;A0A804JLT6,0.7329597284445731,False
A0A4S8IBR2;A0A4S8IBR2,0.7329320075889986,False
A0A804JUD5,0.7328820744746656,False
A0A804JPX6,0.7326812644275678,False
A0A804HSM9,0.7324665968515072,False
A0A804IJU0,0.7324205258384799,False
A0A804JHE7;A0A804JHE8,0.732326339911114,False
A0A4S8INE7;A0A4S8INE7;A0A804JDA9,0.7323137256308333,False
A0A4S8JAW1;A0A4S8JAW1;A0A4S8JNP7;A0A4S8JNP7;A0A804HS88;A0A804IB03,0.732084284832969,False
A0A804HTP9;A0A804HTQ0,0.7312356561925891,False
A0A804IF36,0.731034756073776,False
A0A804JSH8,0.7307875648246588,False
A0A4S8J6J9;A0A4S8J6J9;A0A4S8JZJ4;A0A4S8JZJ4;A0A4S8K8B9;A0A4S8K8B9;A0A4V4H5Q8;A0A4V4H5Q8;A0A804I704;A0A804KDY1;A0A804LBA0,0.7307788529265211,False
A0A4V4H6Q5;A0A4V4H6Q5;A0A804JUW1,0.7302129930017454,False
A0A804KM35,0.7297653576998449,False
A0A804JGR7,0.7297094361823041,False
A0A804I5H0,0.729688904201139,False
A0A4S8IW97;A0A4S8IW97;A0A804KXW8,0.7293168813152715,False
A0A4S8JXZ4;A0A4S8JXZ4;A0A804J7D9,0.7289386397828548,False
A0A804K6G8;A0A804K6G9,0.7286209850596532,False
A0A804LAB6,0.7284161540124717,False
A0A804HYX6,0.7283804750164199,False
A0A804J5J5,0.7276990356754339,False
A0A804JCN3,0.7275174004628868,False
A0A804HWK9,0.7274631318703099,False
A0A4V4H3L5;A0A4V4H3L5;A0A804JBS2;A0A804JBS3;A0A804JBS4,0.7264873962702388,False
A0A4S8JKD9;A0A4S8JKD9,0.7264399348549647,False
A0A4S8JP18;A0A4S8JP18;A0A804HPX0,0.7257886290544042,False
A0A804IHP4,0.7257845706385528,False
A0A804I6R6,0.7256322302107895,False
A0A4S8K8F8;A0A4S8K8F8;A0A804KE44,0.7250346732009813,False
A0A4V4H4N9;A0A4V4H4N9;A0A804KZ93,0.7248703244513589,False
A0A4S8K6D9;A0A4S8K6D9;A0A804KAS6,0.7247359853764584,False
A0A4S8JZ71;A0A4S8JZ71;A0A804J9C9,0.7244669778401673,False
A0A804ILD1,0.7242160632637752,False
A0A4S8IX93;A0A4S8IX93,0.7241106511142034,False
A0A4S8KAH9;A0A4S8KAH9;A0A804IME5,0.7240581844409824,False
A0A804J9W5,0.7236184812564,False
A0A4S8KI34;A0A4S8KI34;A0A804IZ35,0.7235873508868926,False
A0A804I9N3,0.7230699633419096,False
A0A804HT96,0.7230046658180345,False
A0A4S8ICC8;A0A4S8ICC8;A0A804I3N2,0.7229899627884351,False
A0A804JJR9,0.7228684814437234,False
A0A4S8ICZ0;A0A4S8ICZ0;A0A4S8IDS5;A0A4S8IDS5;A0A804KED2,0.7228262625914098,False
A0A804J8M9,0.7225013974530418,False
A0A804KFK1,0.7224954967132201,False
A0A804HP51,0.7223776265515144,False
A0A804JYG2,0.7221965671968209,False
A0A804KYN8,0.7218471616000777,False
A0A4S8ILA4;A0A4S8ILA4;A0A804JDS9,0.7216379635416329,False
A0A804L2Q4;A0A804L2Q5;A0A804L2Q6,0.7215392808212968,False
A0A804J0Z6,0.7214068423361171,False
A0A804JLV4,0.7212743906831937,False
A0A804K3P8,0.7210193184729498,False
A0A4S8JLU5;A0A4S8JLU5,0.720309400503357,False
A0A4S8IHU0;A0A4S8IHU0;A0A804KLU4,0.7199069768768492,False
A0A804IF34,0.7196795563533636,False
A0A804K1C6,0.7196148164295594,False
A0A804LA79,0.7193977250556209,False
A0A4V4H3Z7;A0A4V4H3Z7;A0A804JHN3,0.7192553106921774,False
A0A804I4K4,0.7186779775336121,False
A0A4S8IAM5;A0A4S8IAM5;A0A804I2U2,0.7184539732940257,False
A0A804IKK2;A0A804IKK3,0.7184359669736076,False
A0A4S8JBZ9;A0A4S8JBZ9,0.7181674724860128,False
A0A804KBW9,0.7180333295849778,False
A0A804K428,0.7178620789821843,False
A0A4S8K5W1;A0A4S8K5W1,0.7178034145145916,False
A0A4S8IRX1;A0A4S8IRX1;A0A804JKP6,0.7174476584593069,False
A0A804KUY4;A0A804KUY5,0.7171932993233049,False
A0A804JEB0,0.7171624132995997,False
A0A804KMY9,0.716849511543709,False
A0A804L4U1,0.7166837820830182,False
A0A804I9G9,0.7166803264257678,False
A0A4S8IX13;A0A4S8IX13;A0A804KWM7,0.7166050180437481,False
A0A4S8J9E9;A0A4S8J9E9;A0A4S8JRJ2;A0A4S8JRJ2;A0A804HW91;A0A804IBF8,0.7164681352176888,False
A0A804IFS0,0.7160911441688994,False
A0A804IN84,0.7159351088955046,False
A0A4S8J9D9;A0A4S8J9D9,0.7157957459292944,False
A0A4S8J4A5;A0A4S8J4A5;A0A4S8K2Y5;A0A4S8K2Y5;A0A804K5K0;A0A804L8C3;A0A804L8C4,0.7155401408650777,False
A0A804IGT1,0.7152699371462382,False
A0A804HZ61,0.7151944880125134,False
A0A804I018,0.7151052056529069,False
A0A804JRE4,0.7150979058132537,False
A0A4S8JVI9;A0A4S8JVI9,0.714767597554863,False
A0A4S8IF66;A0A4S8IF66;A0A804KHY7,0.7146342633452032,False
A0A4S8JPQ5;A0A4S8JPQ5;A0A804HU25,0.7145259011384234,False
A0A4S8JLK3;A0A4S8JLK3;A0A804HP80,0.7143485584094623,False
A0A4V6T4P6;A0A4V6T4P6;A0A804KAW9,0.7139525264537343,False
A0A4S8IJ84;A0A4S8IJ84;A0A4S8IUZ3;A0A4S8IUZ3;A0A804KPD6;A0A804L034,0.7137280437671042,False
A0A4S8JS94;A0A4S8JS94,0.7136480709208237,False
A0A4S8JCT6;A0A4S8JCT6;A0A804JZI1,0.7135559744693811,False
A0A804L8V4,0.7133846293177811,False
A0A804L2L8,0.7133608101060317,False
A0A4S8JNQ3;A0A4S8JNQ3;A0A804HR81,0.7131071198317788,False
A0A4S8K084;A0A4S8K084;A0A804JAR9,0.7126368351909684,False
A0A4S8IWM7;A0A4S8IWM7;A0A804KXF2,0.7122490489994487,False
A0A804L526,0.7120359973038889,False
A0A804IJE0,0.7118083052968981,False
A0A804J9A2,0.7116563526143274,False
A0A4S8JVI7;A0A4S8JVI7,0.7115097574613907,False
A0A4S8IVU2;A0A4S8IVU2;A0A804KYK1,0.710919713074826,False
A0A4S8KCG7;A0A4S8KCG7,0.710822235453476,False
A0A804K534,0.7107705218071023,False
A0A804KCC5,0.7107003498204518,False
A0A4S8INB1;A0A4S8INB1;A0A804JEY1,0.7104228535476991,False
A0A804KG59,0.7102131504233928,False
A0A804KZZ4,0.7099400338743922,False
A0A4S8IG67;A0A4S8IG67;A0A804KJC2,0.7099398614560094,False
A0A804I295,0.7098563486857983,False
A0A804HPQ6,0.7094182512536411,False
A0A804K6I8,0.7093737320247866,False
A0A4S8JDJ2;A0A4S8JDJ2;A0A804IDZ6,0.7093355693382032,False
A0A804I4I0,0.709275494412288,False
A0A4S8IZP6;A0A4S8IZP6;A0A804KT58,0.7090952321502828,False
A0A4S8JFH6;A0A4S8JFH6;A0A804JVF3,0.7089635181842572,False
A0A804J6G0,0.7085399625177162,False
A0A4S8JPL0;A0A4S8JPL0,0.7084262977300027,False
A0A4S8IN66;A0A4S8IN66;A0A804JGK7,0.7078709349791125,False
A0A4S8JU01;A0A4S8JU01;A0A804J3H9,0.7078687707630605,False
A0A4S8K275;A0A4S8K275;A0A804K4B0;A0A804K4B1,0.7077653183132527,False
A0A4S8IVS2;A0A4S8IVS2,0.7075411888423104,False
A0A4S8IMA9;A0A4S8IMA9;A0A804JF78,0.7075362330660152,False
A0A4S8IQT7;A0A4S8IQT7,0.7074644691558164,False
A0A4S8JMF1;A0A4S8JMF1;A0A804HQ95,0.7065956472136316,False
A0A4S8IYY6;A0A4S8IYY6;A0A804KV33,0.7062870607317963,False
A0A804KR03,0.7059715651804404,False
A0A4S8ITF4;A0A4S8ITF4;A0A4S8JE71;A0A4S8JE71;A0A4S8K692;A0A4S8K692;A0A804JQ06;A0A804JY59;A0A804KAL4,0.7059383110170183,False
A0A804JYF8;A0A804JYG0,0.7056451152878279,False
A0A804KJ46,0.7052752251339903,False
A0A4S8KCV1;A0A4S8KCV1;A0A804IQP6;A0A804IQQ2,0.7052191346675079,False
A0A4S8IAM7;A0A4S8IAM7;A0A804I2Z3;A0A804I2Z4;A0A804I2Z5,0.7050692088187038,False
A0A4S8K115;A0A4S8K115,0.7046097832818182,False
A0A4S8JCR7;A0A4S8JCR7;A0A804IDT3,0.70451309874814,False
A0A4S8IJM0;A0A4S8IJM0;A0A804JB35,0.7039883542826098,False
A0A4S8K7K5;A0A4S8K7K5;A0A804KCK7,0.7038782748654754,False
A0A4V4H4A7;A0A4V4H4A7;A0A804JMV5,0.7037437911104546,False
A0A4S8IEM9;A0A4S8IEM9,0.7037174691618592,False
A0A804JAP7;A0A804JAP8,0.7035690158969913,False
A0A804IT39,0.7035031075263983,False
A0A4S8JG21;A0A4S8JG21;A0A804JV35,0.7034279059598844,False
A0A4S8JCE4;A0A4S8JCE4;A0A804IEB7,0.7033735670222475,False
A0A4S8ILA5;A0A4S8ILA5;A0A804JDY2;A0A804JDY3,0.7033352975541133,False
A0A4S8JMT7;A0A4S8JMT7;A0A804HR83,0.7031432286805024,False
A0A4S8JW31;A0A4S8JW31,0.7029867445184899,False
A0A804HVV9;A0A804HVW0,0.7028656050711792,False
A0A804JPU8,0.7028315941114549,False
A0A804I9P6,0.7026761633408662,False
A0A804HTG7,0.7025397083720831,False
A0A804JCW5,0.7019233362880948,False
A0A4V4H694;A0A4V4H694;A0A804IE96,0.7018589500369405,False
A0A804KX07,0.7017457380523696,False
A0A804IJK7,0.7016449570103837,False
A0A804L8X3,0.7015453436159063,False
A0A4S8IST6;A0A4S8IST6;A0A804JP32,0.7009143598276975,False
A0A804KH37;A0A804KH38,0.7005647746603695,False
A0A804JN53,0.7003528403391577,False
A0A804K366,0.7001980550776472,False
A0A804K611,0.7001019900923673,False
A0A4S8JRU2;A0A4S8JRU2,0.6998524153039757,False
A0A804I0Z2,0.699472274636455,False
A0A804J484,0.6992994307906751,False
A0A804LAQ0;A0A804LAQ2,0.6987207345198584,False
A0A4S8IXI6;A0A4S8IXI6;A0A804KVY3;A0A804KVY4,0.6982274379402187,False
A0A4S8JID5;A0A4S8JID5;A0A804JR97,0.6980050534442694,False
A0A804JMC8,0.6979833343176581,False
A0A804IWT1,0.6979208128323204,False
A0A4S8I7Z5;A0A4S8I7Z5;A0A804HYF8,0.6976262636235073,False
A0A4S8JHS1;A0A4S8JHS1,0.6975615924343049,False
A0A4S8J6E5;A0A4S8J6E5,0.697293112152066,False
A0A4S8K1I2;A0A4S8K1I2;A0A804K360,0.6972626728978544,False
A0A4S8KCR0;A0A4S8KCR0,0.697212591563477,False
A0A4S8IEM8;A0A4S8IEM8;A0A804KGW1,0.6971062650530683,False
A0A4S8JZV7;A0A4S8JZV7,0.6969610292328361,False
A0A4S8I7B8;A0A4S8I7B8,0.6968376452867713,False
A0A4S8IA09;A0A4S8IA09;A0A804I212,0.6967970831516253,False
A0A4S8KGI0;A0A4S8KGI0,0.6966215975730297,False
A0A4S8K205;A0A4S8K205;A0A804K413,0.6965138614614361,False
A0A4S8JNZ3;A0A4S8JNZ3;A0A804HTB1,0.6959902087351408,False
A0A804J3E7,0.6958702917798039,False
A0A4S8JCK2;A0A4S8JCK2,0.6958639740306437,False
A0A804IMT0,0.6956184572660512,False
A0A804JVX1,0.695345844414472,False
A0A804JN80;A0A804JN81,0.6952899035954111,False
A0A4V4H9Y0;A0A4V4H9Y0;A0A804IRX6,0.6952270053981844,False
A0A4S8JZZ7;A0A4S8JZZ7;A0A804JAI6,0.6951959073254329,False
A0A804K210,0.6945639794830191,False
A0A4S8IMG3;A0A4S8IMG3;A0A4S8JBE2;A0A4S8JBE2;A0A804HWZ9;A0A804IDX6;A0A804JEI4,0.6943710142817048,False
A0A804KAU6,0.6943269661310937,False
A0A4S8KGU1;A0A4S8KGU1;A0A804IX38,0.6939255761009684,False
A0A4S8JXM0;A0A4S8JXM0,0.693886030413908,False
A0A4S8IX86;A0A4S8IX86;A0A804KYJ1,0.6938066712499388,False
A0A804I6R7,0.6935931463050875,False
A0A4S8JAR9;A0A4S8JAR9;A0A804IBQ3,0.6935907578731569,False
A0A804K9I6,0.6932682437410719,False
A0A4S8J9Q1;A0A4S8J9Q1;A0A804IBQ4,0.6922849714508709,False
A0A4S8IM39;A0A4S8IM39;A0A804JF47,0.6922166085719347,False
A0A4V4H696;A0A4V4H696;A0A804IE65,0.6921264058546138,False
A0A804HX49,0.6917606492183198,False
A0A804HP13,0.6916692406106032,False
A0A804KY91,0.6915304181464811,False
A0A804IAH3;A0A804IAH4,0.6914880679762638,False
A0A804IJD3,0.6914218483074233,False
A0A4V4H8I1;A0A4V4H8I1;A0A804J9Q2,0.6913634991124846,False
A0A804HRU4;A0A804HRU5,0.6912826101722616,False
A0A804I188,0.6912416116494765,False
A0A4S8J594;A0A4S8J594;A0A804L9U3,0.6911968466835918,False
A0A4S8IXV0;A0A4S8IXV0,0.6911507998419044,False
A0A804IQA9,0.6903602472854633,False
A0A4S8JTY9;A0A4S8JTY9;A0A804J3J4;A0A804J3J6;A0A804J3J8,0.6894935606251087,False
A0A4S8K7D8;A0A4S8K7D8;A0A804KC76,0.689305635240065,False
A0A804JZK7,0.6891183223067476,False
A0A804L669,0.6890917454844807,False
A0A4S8IJX2;A0A4S8IJX2;A0A804JBI3,0.6889889043439318,False
A0A804KM69,0.6885505963143297,False
A0A804K9R8,0.6885430957181154,False
A0A804KGU4;A0A804KGU5,0.6884297003337999,False
A0A4S8K0Z5;A0A4S8K0Z5;A0A804K2A1,0.6883282313766836,False
A0A4S8JY16;A0A4S8JY16;A0A804J7F3,0.6882047587083787,False
A0A804KP11,0.6881117456288136,False
A0A804J9P3,0.6878900558011484,False
A0A804IW27,0.6875179447339551,False
A0A804J269,0.6873630309140027,False
A0A4S8JBS3;A0A4S8JBS3;A0A804IDA8,0.687231899568956,False
A0A804J2M4,0.6872106848194435,False
A0A804IW52,0.6866715039437125,False
A0A4S8J4F5;A0A4S8J4F5;A0A804L8N0,0.6865894407167524,False
A0A4S8IYT0;A0A4S8IYT0;A0A804KTP8,0.686480543328381,False
A0A4S8KAV4;A0A4S8KAV4,0.686003130563826,False
A0A4S8K8H1;A0A4S8K8H1;A0A804KE20,0.6859244898384486,False
A0A804U5T8,0.6857483435076764,False
A0A4S8JCF7;A0A4S8JCF7;A0A804IDA2,0.6854919972142468,False
A0A4S8I9A0;A0A4S8I9A0,0.6853827000822607,False
A0A804KDT3,0.6853281986882145,False
A0A804K626;A0A804K627,0.6844324286350212,False
A0A804KDQ1,0.6844293724764788,False
A0A804U5N7,0.6844253882391365,False
A0A4S8KDQ5;A0A4S8KDQ5;A0A804IS45,0.6841926041628542,False
A0A4S8I4Z7;A0A4S8I4Z7;A0A804V5F0,0.684084258767471,False
A0A804IY95,0.6840651430264354,False
A0A804KET5,0.6840189612531865,False
A0A4S8J4Z2;A0A4S8J4Z2;A0A804L9B2,0.6839946187300571,False
A0A804KC71,0.6836693471883839,False
A0A804I0E5,0.683511214711107,False
A0A4S8J3M0;A0A4S8J3M0;A0A4S8K1Y7;A0A4S8K1Y7;A0A804K3Y7;A0A804L7C6,0.6833005432754568,False
A0A804K670,0.682950924320026,False
A0A804JU71,0.6828889638429695,False
A0A804JAJ4,0.6825974765333224,False
A0A804JD10,0.6825423421511841,False
A0A804KP34,0.6823785285907135,False
A0A804KUN0,0.6823055331899371,False
A0A4S8IQ45;A0A4S8IQ45;A0A4S8JBH8;A0A4S8JBH8;A0A804IE29,0.6822662307173669,False
A0A4S8IQ51;A0A4S8IQ51,0.6816734776441769,False
A0A4S8JZC8;A0A4S8JZC8;A0A804J9H9,0.6812932502426406,False
A0A4S8J1V8;A0A4S8J1V8,0.6811576408823751,False
A0A804IAS5,0.6810133927371191,False
A0A804HVY9,0.6809208159669053,False
A0A4S8JQ31;A0A4S8JQ31;A0A804HR43,0.6802323433731,False
A0A4S8JK12;A0A4S8JK12;A0A804IIG0,0.6801960236303788,False
A0A4V4H842;A0A4V4H842;A0A804J125,0.6798311651297061,False
A0A4S8IGL9;A0A4S8IGL9;A0A804KK65,0.6797543501488942,False
A0A4S8JKT9;A0A4S8JKT9;A0A804IG37,0.6794231364839097,False
A0A4S8J4K4;A0A4S8J4K4;A0A804L4W4,0.6792254108356004,False
A0A4S8ICX8;A0A4S8ICX8;A0A804I6I9,0.6790195310533109,False
A0A804K9B6,0.6785309464746041,False
A0A4S8IKB8;A0A4S8IKB8;A0A804JCA3,0.6781440867648225,False
A0A4S8I918;A0A4S8I918,0.677993907923939,False
A0A4S8J3G2;A0A4S8J3G2;A0A4V4H2E9;A0A4V4H2E9;A0A804HZ32;A0A804HZ33;A0A804L735;A0A804L736,0.677785226109129,False
A0A804K6S4,0.6777039427896324,False
A0A804IH38,0.6773347454790883,False
A0A4S8K0R3;A0A4S8K0R3;A0A804K280,0.6769897465727202,False
A0A804I4J9;A0A804I4K0,0.6768744730211007,False
A0A804KQ69,0.6762306565520179,False
A0A804KYL6,0.6761246054813437,False
A0A804JPL3,0.6760848189945194,False
A0A4S8JIG2;A0A4S8JIG2;A0A804JUV0;A0A804JUV1,0.6760117253631698,False
A0A4S8IVE9;A0A4S8IVE9;A0A4V4H6M7;A0A4V4H6M7;A0A804JVY8;A0A804KZ88;A0A804KZ90,0.6751166444536315,False
A0A4S8KDM5;A0A4S8KDM5;A0A804IRV2,0.6750620594026998,False
A0A4S8K894;A0A4S8K894;A0A804KDU3;A0A804KDU4,0.6750532955968241,False
A0A804K4L9,0.6750412912447752,False
A0A4S8IS20;A0A4S8IS20,0.6750232779636546,False
A0A4S8ILK0;A0A4S8ILK0;A0A4V4H3T5;A0A4V4H3T5;A0A804JEC8,0.6749722773522558,False
A0A804JZU5,0.674841820039871,False
A0A4S8J1B5;A0A4S8J1B5;A0A804L3L0;A0A804L3L1;A0A804L3L2;A0A804L3L3,0.6748036220435786,False
A0A804HMX9;A0A804HMY0,0.6747346272695124,False
A0A4S8K1S1;A0A4S8K1S1;A0A804K3M6;A0A804K3M7,0.6746367688006973,False
A0A804K3U3,0.6742004912952039,False
A0A4S8JGE1;A0A4S8JGE1;A0A804JU61,0.674089039980529,False
A0A4S8J2B2;A0A4S8J2B2;A0A804L2Y5,0.6735770669276334,False
A0A4S8IMP7;A0A4S8IMP7;A0A804JFU6,0.6735729825988899,False
A0A804JZ97,0.6734579886734391,False
A0A4S8K9F3;A0A4S8K9F3;A0A4S8KBQ3;A0A4S8KBQ3;A0A804IKU3;A0A804IP92,0.6730667545936065,False
A0A4S8IPF5;A0A4S8IPF5;A0A804JIV8,0.6729432552551204,False
A0A4S8JPK0;A0A4S8JPK0;A0A804HQR9,0.6724574237453206,False
A0A804HTZ1,0.6723878373858438,False
A0A4S8JX88;A0A4S8JX88;A0A804J665,0.6722212139472077,False
A0A804KY84,0.6718508550974313,False
A0A4S8IUH2;A0A4S8IUH2,0.6718244112938865,False
A0A4V4H2F0;A0A4V4H2F0;A0A804HZ45,0.67160891459822,False
A0A804J6H6,0.6711936266892556,False
A0A4S8KFV2;A0A4S8KFV2;A0A804IVA0,0.6711466825801271,False
A0A4S8J918;A0A4S8J918,0.67105487183465,False
A0A804L9D7,0.670863969800504,False
A0A804JWF4,0.6706825402628971,False
A0A804J1I2,0.6703233427892239,False
A0A804KDU1,0.6702534774577246,False
A0A4S8I8W8;A0A4S8I8W8;A0A804HYW9,0.670078802202789,False
A0A4V4H5B5;A0A4V4H5B5,0.6695224727656021,False
A0A804JRV2,0.6693959020536807,False
A0A804IV98,0.6692694529727315,False
A0A804ISM2,0.6685818585544031,False
A0A804K6X7;A0A804K6X8,0.6685797898602142,False
A0A804IN74,0.6680699245895154,False
A0A4S8KFI8;A0A4S8KFI8;A0A804IR05;A0A804IV37,0.6677606065070689,False
A0A804KFB0,0.6677351046913904,False
A0A804K913,0.6676739454905646,False
A0A804HQ59,0.6676533031599456,False
A0A4V4H5C4;A0A4V4H5C4,0.6675958955556365,False
A0A804JT78,0.667098143362869,False
A0A804L0A2,0.666951360890501,False
A0A804K634,0.6669030419478587,False
A0A4S8J0Y6;A0A4S8J0Y6;A0A804L371,0.6664356237249606,False
A0A4V4H6I2;A0A4V4H6I2;A0A804JXT6,0.6664197929823239,False
A0A804I925,0.666327113522806,False
A0A804KZ28;A0A804KZ29,0.6662575532027145,False
A0A4S8IWR2;A0A4S8IWR2,0.6658860967957896,False
A0A4S8JVR2;A0A4S8JVR2,0.6655009365418851,False
A0A804HUI3,0.6654672372625082,False
A0A804KVV5,0.6649871867966644,False
A0A4S8IXC9;A0A4S8IXC9;A0A804KW25;A0A804KW26,0.6639991660289071,False
A0A804JSF9,0.6639610591602164,False
A0A804KMB3,0.6639601080696934,False
A0A804KWE8,0.6633782477782743,False
A0A4S8IT91;A0A4S8IT91;A0A804JPP5,0.6632576902577578,False
A0A4S8KCF1;A0A4S8KCF1;A0A804IQI8;A0A804IQI9;A0A804IQJ0;A0A804IQJ1,0.663139629904188,False
A0A4V4H7S6;A0A4V4H7S6;A0A804HWE6,0.663112642157257,False
A0A4S8KFD6;A0A4S8KFD6;A0A804IUW2,0.6627796654019884,False
A0A804KXC9,0.6627790066711743,False
A0A4S8J519;A0A4S8J519;A0A804K3D3;A0A804L770,0.6627005641707501,False
A0A4S8KGA5;A0A4S8KGA5;A0A804IVY7,0.6625042637867141,False
A0A4S8K7C3;A0A4S8K7C3;A0A804KC97,0.6624429735058132,False
A0A4S8IWL9;A0A4S8IWL9;A0A804KXI9,0.6624107916338301,False
A0A4S8JE00;A0A4S8JE00,0.6623761203036117,False
A0A804IWB8,0.6620640049929172,False
A0A4S8JJY1;A0A4S8JJY1;A0A804IH61,0.6612474051343434,False
A0A4S8JEJ6;A0A4S8JEJ6,0.6611108084295114,False
A0A4S8ILU7;A0A4S8ILU7;A0A804JEU2,0.6609602353336742,False
A0A804HYP4,0.6604837710927615,False
A0A4S8JCY5;A0A4S8JCY5;A0A804JZM3,0.6598712767484006,False
A0A804KY18,0.6596297709505229,False
A0A4S8JTB5;A0A4S8JTB5;A0A804J092;A0A804J093,0.6595334144858385,False
A0A4S8KB82;A0A4S8KB82;A0A804INN4,0.6594252962307378,False
A0A4S8JRY2;A0A4S8JRY2;A0A804HXK9,0.6593938105940098,False
A0A804IFS6,0.6592752417972872,False
A0A4S8JDR0;A0A4S8JDR0;A0A804JY01,0.6592488096702451,False
A0A4S8J910;A0A4S8J910;A0A4V4H7J9;A0A4V4H7J9;A0A804HTI3;A0A804IAU1,0.659084117041592,False
A0A804JKA4,0.6589047763703845,False
A0A804HMJ3;A0A804HMJ4;A0A804HMJ5,0.6588645599141862,False
A0A804K575,0.6588360094777507,False
A0A4S8JKC3;A0A4S8JKC3;A0A804IHX9,0.6586866326401194,False
A0A4S8IVX9;A0A4S8IVX9;A0A804KYF8,0.6585108733867613,False
A0A4S8KAI7;A0A4S8KAI7;A0A804IMF2,0.6584046198627885,False
A0A804L5R4,0.6581602919275539,False
A0A804L0W3,0.6580148805223183,False
A0A804I5K1,0.657790581940145,False
A0A4S8ITR2;A0A4S8ITR2;A0A804L2C7,0.6577619026420961,False
A0A4S8K1T1;A0A4S8K1T1;A0A804K3S3;A0A804K3S4,0.6577095413185401,False
A0A804JER1,0.6575731910233581,False
A0A4S8KCZ0;A0A4S8KCZ0;A0A804IQZ3,0.65731257596183,False
A0A4S8IE90;A0A4S8IE90;A0A804KF30,0.6572327147589894,False
A0A804KWS7,0.6572027634734442,False
A0A4V6T4H4;A0A4V6T4H4;A0A804HQ68,0.6570730800076482,False
A0A804IBZ9,0.6570405074971425,False
A0A4S8JD44;A0A4S8JD44;A0A804JZ33,0.6568761831808779,False
A0A804IBR9,0.6565976357230444,False
A0A4S8JDG0;A0A4S8JDG0,0.6565890534719484,False
A0A4S8IQN1;A0A4S8IQN1,0.656402549752992,False
A0A804KKK9;A0A804KKL0,0.6562436291425356,False
A0A4S8IVH1;A0A4S8IVH1,0.6560708196500489,False
A0A4S8KA01;A0A4S8KA01;A0A804ILL0,0.655393055927824,False
A0A4S8J2V1;A0A4S8J2V1;A0A804L678,0.6553225371586462,False
A0A804KMT5,0.6550814037871098,False
A0A4S8K4H2;A0A4S8K4H2;A0A804K803,0.6548708362984742,False
A0A804HXQ5,0.6544389931346384,False
A0A4V4H8U4;A0A4V4H8U4;A0A804K577,0.6543130212279331,False
A0A804K0W7,0.6543074967235795,False
A0A804J619,0.6542040261668529,False
A0A804L5H1,0.653878247053084,False
A0A804HTQ9,0.6538145661193397,False
A0A4S8IXK5;A0A4S8IXK5;A0A804KZX9,0.6534618891454484,False
A0A4S8JLC5;A0A4S8JLC5,0.6534453078308408,False
A0A4S8JMJ1;A0A4S8JMJ1;A0A804IG74,0.6531051757976643,False
A0A804L221,0.6528823567165634,False
A0A804KG70,0.6524356413894333,False
A0A804IW63,0.652335810213206,False
A0A4S8IYM3;A0A4S8IYM3;A0A804KU02;A0A804L546,0.6523248410042242,False
A0A4S8IZA2;A0A4S8IZA2;A0A804KX37;A0A804L619,0.6520712190976524,False
A0A804JWW8,0.6518013874821033,False
A0A804IR65,0.6517588516234921,False
A0A4S8K250;A0A4S8K250,0.6515664990645759,False
A0A4S8JMC4;A0A4S8JMC4,0.6512111873770056,False
A0A4S8JMB5;A0A4S8JMB5,0.6509494426126479,False
A0A4S8JLR7;A0A4S8JLR7;A0A804HPH0;A0A804HPH1,0.6504698746027823,False
A0A4S8II97;A0A4S8II97;A0A804KNU9,0.6501688741323052,False
A0A804KXL4,0.6499558956220418,False
A0A804JMN8,0.6498452693708713,False
A0A4S8IMB4;A0A4S8IMB4;A0A804JDG1,0.6497564430843453,False
A0A4S8JZZ6;A0A4S8JZZ6;A0A804JAL9,0.6496609636529417,False
A0A804JFT9;A0A804JFU0,0.649526043165631,False
A0A804IE27,0.6490469717565361,False
A0A804I4Z5,0.6488092754307098,False
A0A804KZD3;A0A804KZD4;A0A804KZD5,0.6487529934630558,False
A0A804KMF4,0.6487311292000376,False
A0A4S8I7Q9;A0A4S8I7Q9;A0A804HYH4,0.6486879939142075,False
A0A804L0M4,0.6484382729464483,False
A0A804JGT6,0.6480126305091901,False
A0A804L8W9,0.6479567189624739,False
A0A4S8IKA7;A0A4S8IKA7;A0A804JCE3,0.6478186816356407,False
A0A4S8IH75;A0A4S8IH75;A0A4S8KFE3;A0A4S8KFE3;A0A4V4H9Q5;A0A4V4H9Q5;A0A804IP98;A0A804ITZ3,0.6476892405914927,False
A0A4S8IQC0;A0A4S8IQC0,0.646743676326543,False
A0A4S8I8Q0;A0A4S8I8Q0;A0A4V4H785;A0A4V4H785;A0A804HYM0;A0A804IFB4;A0A804J9I5,0.6466603524083927,False
A0A804ITX9,0.6465693763816097,False
A0A804IEB4,0.6464598847016427,False
A0A804KH83,0.6463661147182822,False
A0A804L9D9,0.646116757422562,False
A0A804JIF4,0.6459420829033024,False
A0A4S8JGT5;A0A4S8JGT5,0.6457245413046885,False
A0A804I909,0.6456760304031546,False
A0A4S8K789;A0A4S8K789;A0A4S8K7A4;A0A4S8K7A4;A0A804KC17,0.6455967001861537,False
A0A4S8K7P0;A0A4S8K7P0;A0A804KCR1,0.6453348726302435,False
A0A804KJ75,0.6453100778989438,False
A0A4S8JLB3;A0A4S8JLB3;A0A804IJ04,0.6451606674539243,False
A0A804J9W2,0.645067437515347,False
A0A804KG51,0.6447745822117512,False
A0A4S8KDQ4;A0A4S8KDQ4,0.6445053376945883,False
A0A4S8J6W9;A0A4S8J6W9;A0A804I7J7,0.6444446417845506,False
A0A4S8IP84;A0A4S8IP84;A0A804JGI5,0.6444426082058012,False
A0A4S8JBT5;A0A4S8JBT5;A0A804HNL4,0.6442343952973738,False
A0A4S8IKM1;A0A4S8IKM1,0.6440134685066532,False
A0A804L8W5,0.6439904152118643,False
A0A4S8IIU2;A0A4S8IIU2;A0A4S8JDU5;A0A4S8JDU5;A0A804JY64;A0A804JY65;A0A804KPT7,0.643660627760347,False
A0A804HYK8,0.6431592268684722,False
A0A4S8KA68;A0A4S8KA68;A0A804ILW4,0.6427431105305851,False
A0A804K9J6,0.6425851990925685,False
A0A4S8K1M7;A0A4S8K1M7,0.6424755674375767,False
A0A804HW18,0.6421811022342798,False
A0A4S8J4W6;A0A4S8J4W6;A0A804L9B3,0.6421400218726611,False
A0A4S8K8B3;A0A4S8K8B3,0.6419630116680497,False
A0A804KXI0,0.6419085255984349,False
A0A4S8IY52;A0A4S8IY52;A0A804KV37,0.6408966568575661,False
A0A804IP11,0.6408305075671337,False
A0A804IZA4,0.6403629698561926,False
A0A804JPJ3,0.6402276674675689,False
A0A804HSB7,0.6402165610141669,False
A0A804HW05,0.6399160518628961,False
A0A4S8K294;A0A4S8K294,0.63981398757147,False
A0A804JY16,0.6397120403307189,False
A0A4S8IPD3;A0A4S8IPD3;A0A804JIT8;A0A804LBC2,0.6396114444231243,False
A0A804IHQ9,0.6394442399303487,False
A0A4S8K0M1;A0A4S8K0M1;A0A804K1W7,0.6393542746333833,False
A0A4V4H3G0;A0A4V4H3G0;A0A804KP26,0.639303468954288,False
A0A4S8IVG7;A0A4S8IVG7,0.6388568907363388,False
A0A804JTT4,0.638698511630921,False
A0A804KZ97,0.6386749256132191,False
A0A4S8KHW3;A0A4S8KHW3;A0A804IXU3,0.6385455534406828,False
A0A4S8IGG2;A0A4S8IGG2;A0A804KJX5,0.6383801959871095,False
A0A4S8JRW9;A0A4S8JRW9;A0A4S8K8F6;A0A4S8K8F6;A0A804HWN9;A0A804IQC2;A0A804KE53,0.6377299122704204,False
A0A804I801,0.6377278055325031,False
A0A4S8J4J7;A0A4S8J4J7;A0A804L8T6,0.6374539276011139,False
A0A804HSQ6,0.637431178044098,False
A0A804KTL0,0.6371010205757772,False
A0A4S8ICF7;A0A4S8ICF7;A0A804I3R7,0.6370441608745022,False
A0A4V4H5K0;A0A4V4H5K0;A0A804L8M9,0.6369332553008796,False
A0A4V6T420;A0A4V6T420,0.636507545474427,False
A0A804IIX0,0.6360747611312764,False
A0A804K1K4,0.6358349956425012,False
A0A804IBP1,0.6355402276592196,False
A0A804KN63,0.6355318476721422,False
A0A4S8IQD3;A0A4S8IQD3;A0A804KLW8,0.6354132817764201,False
A0A4S8IXG2;A0A4S8IXG2;A0A804KVX8,0.635332477556895,False
A0A4S8IJG4;A0A4S8IJG4;A0A804KQS8,0.6353110231878798,False
A0A4S8I7M9;A0A4S8I7M9;A0A804HYD0,0.6352766419753826,False
A0A804IHY0,0.6352712574207152,False
A0A4V4H5C5;A0A4V4H5C5;A0A804L5F0,0.6351930075848001,False
A0A804KG26,0.6351909917284807,False
A0A4S8II67;A0A4S8II67;A0A804KIV3,0.635134192256142,False
A0A4S8JW38;A0A4S8JW38;A0A804J0F1,0.6346614582956552,False
A0A804KK57,0.6345877632022492,False
A0A4S8JWH6;A0A4S8JWH6;A0A804J4U0,0.6345257425829943,False
A0A4S8K2S2;A0A4S8K2S2;A0A804K552,0.633995689718934,False
A0A4S8JXA5;A0A4S8JXA5;A0A804J696,0.6337872293462259,False
A0A4S8J5T1;A0A4S8J5T1;A0A804L6W3,0.6336898824755026,False
A0A4S8JEH3;A0A4S8JEH3;A0A804JYQ0,0.6335593525668208,False
A0A804K9Q1,0.6335026581716954,False
A0A4S8I8Z8;A0A4S8I8Z8;A0A804I0B7,0.633089922834633,False
A0A804JEU1,0.6326348428031928,False
A0A804KWG5,0.6324436922489853,False
A0A4S8JS21;A0A4S8JS21,0.6322646674508986,False
A0A4S8IKS8;A0A4S8IKS8;A0A804KQU3,0.6319282886527761,False
A0A804IP65,0.6316676737169086,False
A0A804IPG3,0.631420366037673,False
A0A4S8IU41;A0A4S8IU41;A0A804L1S6;A0A804L1S7,0.6314002938081673,False
A0A804KMN6,0.6310407812776234,False
A0A804HYX7,0.6309973534912174,False
A0A804L8A3,0.6300583424590677,False
A0A4S8INF1;A0A4S8INF1;A0A804JH91,0.6297958158290565,False
A0A804I5N5,0.6296666519079356,False
A0A4S8JJ09;A0A4S8JJ09,0.6292792273978802,False
A0A804I0T5;A0A804I0T6,0.6292684545084487,False
A0A4S8IAA7;A0A4S8IAA7;A0A804I104,0.629215229836557,False
A0A804IGH5,0.6287838350653735,False
A0A804IHM6,0.6286570782840905,False
A0A4S8JGZ0;A0A4S8JGZ0;A0A804JT79,0.6279540385190736,False
A0A4S8J1G0;A0A4S8J1G0;A0A4S8JCR2;A0A4S8JCR2;A0A804HNV3,0.627832532875981,False
A0A4S8IGL8;A0A4S8IGL8;A0A804KJY1,0.6276665191801942,False
A0A4S8JYR8;A0A4S8JYR8;A0A804J8K5,0.6275507197289559,False
A0A804J9F1;A0A804J9F2,0.627299309461371,False
A0A804JID9,0.626973008252174,False
A0A804HRP2,0.6266732971721668,False
A0A4S8J0L7;A0A4S8J0L7;A0A804KQZ0,0.6264659885525145,False
A0A804KF31,0.6264086071049008,False
A0A804JWG0,0.6261571872782572,False
A0A4S8I9Y7;A0A4S8I9Y7;A0A804I1W9,0.6260151443026639,False
A0A804J4K0,0.6256675462062631,False
A0A4S8JTA9;A0A4S8JTA9;A0A804J078,0.6255960122388704,False
A0A4S8IYJ8;A0A4S8IYJ8,0.624984766166254,False
A0A4S8JDV3;A0A4S8JDV3,0.6249339012465901,False
A0A4V4H9I3;A0A4V4H9I3;A0A804IL00,0.6248425418008252,False
A0A4S8IQG4;A0A4S8IQG4;A0A804JJW8,0.6244190992571346,False
A0A4S8JYX2;A0A4S8JYX2;A0A804J8N5,0.6241110588448369,False
A0A804JVR5;A0A804KZ10,0.6233660379413077,False
A0A4S8KAM5;A0A4S8KAM5;A0A804IMS5,0.6233473896900154,False
A0A4S8JNA1;A0A4S8JNA1;A0A804HS50,0.62302534751256,False
A0A804L6W4;A0A804L6W5,0.6229057264214133,False
A0A804J2P8,0.6228255774584731,False
A0A4S8JK90;A0A4S8JK90;A0A804JRV0,0.622479952058593,False
A0A804L9C4,0.6222740692650985,False
A0A804KWA7,0.6221423829344885,False
A0A4S8KHG8;A0A4S8KHG8;A0A804IY51,0.6219412661376158,False
A0A804JTD4;A0A804JTD5,0.6216016740691459,False
A0A4S8J9Z5;A0A4S8J9Z5;A0A804KQW2,0.6214638794306522,False
A0A804HUQ7,0.6214271062980222,False
A0A4S8K018;A0A4S8K018,0.621153812813194,False
A0A4S8J492;A0A4S8J492;A0A804L8B8,0.6209958565441224,False
A0A4S8IKW9;A0A4S8IKW9;A0A804JDB7,0.6204644279263056,False
A0A4S8J3E5;A0A4S8J3E5,0.6202116689638117,False
A0A4S8IT07;A0A4S8IT07;A0A804JKD3,0.6198530687568149,False
A0A4S8JNC3;A0A4S8JNC3;A0A804HRM7,0.6189253846213518,False
A0A4S8ISW6;A0A4S8ISW6,0.618909113860615,False
A0A804ICM5;A0A804ICM6,0.618495407346229,False
A0A804HYU2,0.6181669608149906,False
A0A4V4H5Z7;A0A4V4H5Z7,0.6180742073287677,False
A0A4S8JFU0;A0A4S8JFU0,0.6180733739450613,False
A0A4S8KGX8;A0A4S8KGX8;A0A804IWA5,0.6175084238490688,False
A0A804IJW2,0.617131628998798,False
A0A4S8J227;A0A4S8J227;A0A4S8J323;A0A4S8J323;A0A804HXI6;A0A804JAW7;A0A804L4U2;A0A804L4U5,0.6171162549370981,False
A0A804JC48,0.6169478192067156,False
A0A804KYX3,0.6166623370622973,False
A0A4S8II28;A0A4S8II28,0.6165149845762972,False
A0A804J5P3,0.6161015725429405,False
A0A4S8K3P3;A0A4S8K3P3,0.6158958142940772,False
A0A4S8K5H8;A0A4S8K5H8;A0A804K9D1,0.6158610667284972,False
A0A4S8KEH4;A0A4S8KEH4;A0A804ISY7;A0A804ISY8,0.6147784786831068,False
A0A4V4H6J4;A0A4V4H6J4,0.6146189857001184,False
A0A804L2X0,0.614578023530844,False
A0A804IZ04,0.6144625527304584,False
A0A804I9U5,0.6143349527931296,False
A0A804HUI7,0.6141649580133873,False
A0A4S8JI99;A0A4S8JI99;A0A804JRF7,0.613886093424866,False
A0A4S8JR58;A0A4S8JR58;A0A804HVG7;A0A804IBY6,0.6134586484425408,False
A0A4S8IFF0;A0A4S8IFF0,0.6132886731483355,False
A0A4S8JNA3;A0A4S8JNA3;A0A804IEZ1,0.6131628494467058,False
A0A804KEJ0,0.6126179502843152,False
A0A804ITF9,0.6122037777750974,False
A0A804IEM6,0.6120819672747749,False
A0A804J2M5;A0A804J2M6;A0A804J2M7,0.6120371426643985,False
A0A4S8IIU0;A0A4S8IIU0;A0A804KJN6,0.6119392898666843,False
A0A4S8IQQ1;A0A4S8IQQ1;A0A804JKT9,0.6114467549432189,False
A0A4S8JCM4;A0A4S8JCM4;A0A804ICS9,0.6113319413956243,False
A0A804L7L0,0.6111279797924053,False
A0A4S8ISB8;A0A4S8ISB8;A0A804JM56,0.6109762401457863,False
A0A804JIP6,0.6105117038888987,False
A0A804JTG8,0.6103353851486664,False
A0A4S8JP13;A0A4S8JP13;A0A804HSY0,0.6102303135491088,False
A0A804K147,0.6100512220752842,False
A0A804I7X5,0.610020640041091,False
A0A4S8K6I1;A0A4S8K6I1;A0A804KB05,0.6100018005438248,False
A0A4S8IFA2;A0A4S8IFA2,0.6097243433887914,False
A0A4S8J3G3;A0A4S8J3G3;A0A4S8J5D3;A0A4S8J5D3;A0A4S8JSK1;A0A4S8JSK1;A0A804IZ79;A0A804IZ80;A0A804L742;A0A804L8K6,0.6096302893005356,False
A0A4S8K2U3;A0A4S8K2U3,0.6095646010910443,False
A0A4S8K7Y3;A0A4S8K7Y3;A0A4S8K7Y7;A0A4S8K7Y7;A0A804KD87;A0A804KD88,0.6093408373861164,False
A0A4S8K2X7;A0A4S8K2X7;A0A804K5K8;A0A804K5K9,0.6091124902184836,False
A0A804JE05;A0A804JE06,0.6089248207394906,False
A0A804JH79,0.6085914857361768,False
A0A804HSK0,0.6084115234911844,False
A0A804HNR6,0.6072536000277117,False
A0A4S8J217;A0A4S8J217;A0A804KT28,0.6072209403498791,False
A0A804J0L3,0.6067914310766943,False
A0A4S8K0K8;A0A4S8K0K8;A0A804K1R1,0.6065182798327512,False
A0A804KHM0,0.6062642671651319,False
A0A804KYA8,0.6056117533315554,False
A0A804KJZ1,0.6054687223069285,False
A0A804IP57,0.6054134408936142,False
A0A804IA26,0.6053525300651619,False
A0A804HZN5,0.605340459077376,False
A0A4S8INX3;A0A4S8INX3;A0A804JI18,0.6052613557877021,False
A0A804J3H8,0.6047205644437625,False
A0A804IN41,0.6044654991626461,False
A0A4S8K7H5;A0A4S8K7H5,0.6042792019441328,False
A0A804JLX2;A0A804JLX3,0.604166771802925,False
A0A4S8ICA6;A0A4S8ICA6,0.603335521746466,False
A0A4S8J3V4;A0A4S8J3V4;A0A804L5D2,0.6033285886852763,False
A0A804KUH1,0.6033270478982533,False
A0A804JGR3,0.6033194669338372,False
A0A4S8IWD2;A0A4S8IWD2;A0A4S8J2P5;A0A4S8J2P5;A0A804KXQ5,0.6031679810663751,False
A0A804JWU3;A0A804JWU4,0.6030783240615888,False
A0A4S8JNC0;A0A4S8JNC0;A0A804HS79,0.6028826868855481,False
A0A804JGJ4,0.6028607035840519,False
A0A804KBR4,0.6027799072413695,False
A0A804JWP8,0.6027459040722898,False
A0A4S8J5N8;A0A4S8J5N8;A0A804L7U8;A0A804L7U9,0.6027252999540516,False
A0A4S8IJA9;A0A4S8IJA9;A0A804KM24,0.6024710970720298,False
A0A804K2D1,0.6024325437246721,False
A0A4V4H9L7;A0A4V4H9L7;A0A804IMK8,0.6023336565718064,False
A0A804I4V8,0.6022324829747224,False
A0A804KND3,0.6021276981114924,False
A0A804JWC2,0.601911337665325,False
A0A804JVJ7,0.6014769002152032,False
A0A4S8J018;A0A4S8J018;A0A804V5Q1,0.6011887235966838,False
A0A4S8JI75;A0A4S8JI75;A0A804JSE8,0.6009934689953857,False
A0A4S8KG79;A0A4S8KG79;A0A804IVV9,0.6008263523516517,False
A0A804IDY2;A0A804IDY3,0.6007371183616576,False
A0A804I0K4,0.6006653211777218,False
A0A4S8IS10;A0A4S8IS10;A0A804JIY5,0.6004239944505313,False
A0A4S8J1S3;A0A4S8J1S3;A0A804L480,0.5999229359112591,False
A0A804KTC3,0.5998976813884085,False
A0A804K620,0.5998831540445655,False
A0A804JF75;A0A804JF76,0.5998107819477498,False
A0A804JSQ7,0.5995615928039174,False
A0A804I0N5,0.5994802097767473,False
A0A4S8ITL3;A0A4S8ITL3,0.5993679371926532,False
A0A4S8JAG0;A0A4S8JAG0,0.5993355749810726,False
A0A804HNQ5,0.5992845641379319,False
A0A4S8I919;A0A4S8I919,0.5989791926100828,False
A0A4S8I9N2;A0A4S8I9N2;A0A4S8JN36;A0A4S8JN36;A0A804HRE7;A0A804I1D9;A0A804JTR8;A0A804JTR9;A0A804JTS0,0.5986817834026759,False
A0A804JJ04,0.5984302948064477,False
A0A804KTK3,0.598306724720588,False
A0A804JJ83,0.5980703778007384,False
A0A4S8JTR6;A0A4S8JTR6;A0A804J3W8,0.596747507012534,False
A0A804LAQ8,0.5964416018271645,False
A0A4S8IJV1;A0A4S8IJV1;A0A804KQ97,0.596257561518411,False
A0A804I7F1,0.596108970371811,False
A0A804IDR0,0.595802128694873,False
A0A804L595,0.5957906246842564,False
A0A804KH47,0.5957406282629181,False
A0A4S8K849;A0A4S8K849;A0A804KDN5,0.5956546074998226,False
A0A804KMQ3,0.5949998931200845,False
A0A4S8JGD1;A0A4S8JGD1;A0A804JXU8,0.5948057359417523,False
A0A4V4HA18;A0A4V4HA18;A0A804ITQ6,0.5947800824111099,False
A0A4S8JCU9;A0A4S8JCU9,0.5946880582730187,False
A0A804I479;A0A804I480,0.5944220514512115,False
A0A4S8IX87;A0A4S8IX87,0.5939615977498877,False
A0A804JRM4,0.5934394111871409,False
A0A804I0I5,0.593425013087724,False
A0A804L8X2,0.5933157082701823,False
A0A804IJU6,0.5932967272829743,False
A0A804I3J5,0.5931330092351014,False
A0A804JFZ4,0.5928759851536023,False
A0A4S8IF36;A0A4S8IF36;A0A804KHL2,0.5926008053944702,False
A0A804L1B3;A0A804L1B4,0.592587008584738,False
A0A4S8IC47;A0A4S8IC47;A0A804I570,0.5918603250794602,False
A0A804JZE4,0.5918087252599649,False
A0A804JGD8,0.5917456867072176,False
A0A4S8IPP6;A0A4S8IPP6;A0A804JJ43,0.5915364525672987,False
A0A4V4H712;A0A4V4H712;A0A804IIY1;A0A804IIY2,0.5913956435786415,False
A0A4S8K8I8;A0A4S8K8I8;A0A804KE73,0.5912855919841948,False
A0A804KYT4,0.5911397108927385,False
A0A804K8B2,0.5910431342424286,False
A0A804I7F7,0.5908543630363691,False
A0A804K3B5,0.5906038642759194,False
A0A804KYT1,0.5902776368056252,False
A0A804ICW7,0.5902317755999186,False
A0A4V4H389;A0A4V4H389;A0A804KJT3,0.589914763473872,False
A0A4S8KFI4;A0A4S8KFI4;A0A804IUW8,0.5898553680166273,False
A0A804KRL8,0.5898439271021586,False
A0A804JXZ6,0.5894671537718805,False
A0A804HRN1,0.588948514117175,False
A0A4S8JIM1;A0A4S8JIM1;A0A804JUJ0,0.5889318230772205,False
A0A804IWC2,0.5888759030927627,False
A0A804JVG1,0.5885358743032751,False
A0A4S8IYG8;A0A4S8IYG8;A0A804KUF5,0.5883385636268389,False
A0A804IAB9,0.587962267146448,False
A0A4S8JEW8;A0A4S8JEW8;A0A804JWW6,0.587901995103642,False
A0A4S8JHD4;A0A4S8JHD4;A0A804JSI4;A0A804JSI6,0.5878913659644505,False
A0A4S8J3E9;A0A4S8J3E9;A0A804L6P6,0.5878750341408169,False
A0A4S8JK49;A0A4S8JK49;A0A804IGU2,0.5878172631696919,False
A0A4S8I3R0;A0A4S8I3R0;A0A4S8I4D9;A0A4S8I4D9;A0A4S8I4Q2;A0A4S8I4Q2;A0A4S8I512;A0A4S8I512;A0A4S8I596;A0A4S8I596;A0A4S8K4E8;A0A4S8K4E8,0.5869215088973266,False
A0A804HVJ5,0.5865254824803432,False
A0A804K1U7,0.5864172668273434,False
A0A4S8JAT7;A0A4S8JAT7;A0A804I9S0,0.5856996440136185,False
A0A4S8ILM3;A0A4S8ILM3;A0A804JEH9;A0A804JEI0,0.5854084375332433,False
A0A4S8K1J6;A0A4S8K1J6;A0A804K3B8,0.5852205551370304,False
A0A804KM70,0.5850616247270515,False
A0A804IFI9,0.5849997507431717,False
A0A804KV87,0.5847777178754253,False
A0A4S8JQQ3;A0A4S8JQQ3;A0A804HU61,0.5847434256743537,False
A0A804HMN5,0.5846055889701823,False
A0A4S8J0K6;A0A4S8J0K6;A0A804KQY2,0.584239241034812,False
A0A804ITL1,0.583680903539044,False
A0A804I416,0.583410868473185,False
A0A804KQR0,0.5834022418269379,False
A0A804KVU3,0.5833377856133861,False
A0A804ID03,0.5832723210671857,False
A0A804I3E2,0.5832688602148113,False
A0A804JUE4;A0A804JUE5,0.5830759281691977,False
A0A4S8JYN4;A0A4S8JYN4;A0A804J8B3,0.583069855254818,False
A0A804ITG3,0.5828218347403648,False
A0A4V4H595;A0A4V4H595;A0A804L3V8,0.5826449724393115,False
A0A804JGB6,0.5823290897403682,False
A0A804KH15,0.5822007399093165,False
A0A804IF26,0.5820473305424606,False
A0A4S8K3D0;A0A4S8K3D0;A0A804K649,0.5819608314386914,False
A0A804KV35,0.5816630946053727,False
A0A804I5I5,0.5816560946232378,False
A0A804K6T8,0.5808104388350189,False
A0A4S8JYJ6;A0A4S8JYJ6;A0A4V4H442;A0A4V4H442;A0A804JK07;A0A804JYH8,0.5807837885669956,False
A0A804L965,0.5806450405817565,False
A0A4V4H8E0;A0A4V4H8E0;A0A804J7Y2,0.5801416023989929,False
A0A804JGE6,0.5798797893963741,False
A0A804KU68,0.5794534425175107,False
A0A4S8KDR9;A0A4S8KDR9;A0A804IS17,0.5789590236382266,False
A0A4S8I6D4;A0A4S8I6D4,0.5788039330576418,False
A0A804K9Q3,0.5788027280682121,False
A0A804L972,0.578796213167614,False
A0A804KZ72,0.5782330554132237,False
A0A804JS76,0.5779725024146761,False
A0A4S8J3Q7;A0A4S8J3Q7;A0A804L7J7,0.5779236403430985,False
A0A804IBT4,0.5778327561488655,False
A0A804K4J5,0.5776899236787767,False
A0A804HU51;A0A804HU52,0.5769978862888734,False
A0A4S8J455;A0A4S8J455;A0A804L824,0.5769256742064249,False
A0A804LBP8,0.5768430330068466,False
A0A4S8JUW5;A0A4S8JUW5,0.5767624706795262,False
A0A804IQA8,0.576611735577474,False
A0A804L6M8,0.576534617782403,False
A0A4S8J1Y2;A0A4S8J1Y2;A0A804KRA8,0.5764391652399338,False
A0A4S8JB27;A0A4S8JB27,0.5764191674512791,False
A0A4S8INI8;A0A4S8INI8,0.5760470295527426,False
A0A804KZG8,0.5760282530931397,False
A0A804KXT9,0.5755534786768052,False
A0A804KRA3,0.5749633492156833,False
A0A4S8K0U1;A0A4S8K0U1;A0A804K207,0.5745414621879669,False
A0A804L5P5,0.5745213170374448,False
A0A4S8K0V7;A0A4S8K0V7;A0A804K2B0;A0A804KI14,0.5744817841614401,False
A0A4S8JYU0;A0A4S8JYU0;A0A804J8N1,0.5740475499116333,False
A0A804L662,0.5739800554930681,False
A0A4S8J4X6;A0A4S8J4X6;A0A804IDX0;A0A804JZ70,0.5739538261404202,False
A0A804K0B7,0.5736890276473805,False
A0A4S8IMQ2;A0A4S8IMQ2;A0A804JG55,0.5731878675767647,False
A0A804KEM4,0.5730321263771676,False
A0A4S8IQ29;A0A4S8IQ29;A0A804JJK4;A0A804JLL5;A0A804JLL7,0.5728367975596561,False
A0A4S8IIE0;A0A4S8IIE0;A0A804KP21,0.5725749255341275,False
A0A4V4H7D8;A0A4V4H7D8;A0A804HQT9;A0A804HQU0,0.5725706988593271,False
A0A804KXL2,0.5724936523711395,False
A0A4S8IWK9;A0A4S8IWK9;A0A4S8J617;A0A4S8J617;A0A4S8J718;A0A4S8J718;A0A4S8JY77;A0A4S8JY77;A0A4S8K073;A0A4S8K073;A0A4S8KDJ7;A0A4S8KDJ7;A0A804HN44;A0A804IRN7;A0A804IRN8;A0A804J7P8;A0A804K185;A0A804K186;A0A804KYR6;A0A804L487;A0A804L488;A0A804L780;A0A804L9I6;A0A804LB75,0.5724070430359958,False
A0A804IY58;A0A804IY59,0.5722129138348158,False
A0A804L354,0.5720772930522017,False
A0A804IRB7,0.5720130673434842,False
A0A804JA28,0.5719932981978123,False
A0A4S8IRZ3;A0A4S8IRZ3;A0A804JMS9,0.5718224144630386,False
A0A4V4H8M3;A0A4V4H8M3;A0A804K203,0.5712241938687658,False
A0A804JI82,0.5707752674133915,False
A0A804KCW5,0.5707108047325362,False
A0A4S8JSG2;A0A4S8JSG2;A0A804HXH6;A0A804HXH7,0.5705747331407133,False
A0A804LA47,0.5705407683813827,False
A0A804KGR7;A0A804KGR8,0.5704177400646824,False
A0A4S8JSD6;A0A4S8JSD6;A0A804HXN0,0.5703151701474743,False
A0A4S8JC86;A0A4S8JC86;A0A804IE24,0.5702935886472685,False
A0A4S8JH09;A0A4S8JH09;A0A804JW61,0.5701202709420252,False
A0A804KDW6,0.5696086376946031,False
A0A804JWF2,0.5694775995619821,False
A0A804JQ20;A0A804JQ21,0.5693928711310978,False
A0A804HS77;A0A804HS78,0.5692721117159277,False
A0A804I6X7;A0A804I6X8,0.5691352850987729,False
A0A4V4H2X8;A0A4V4H2X8;A0A804KEG3,0.5686812175265109,False
A0A804IW09;A0A804IW10,0.568591855731676,False
A0A804HP46,0.5680230603037072,False
A0A804HY92,0.5679159678217246,False
A0A804I309,0.5676239352679373,False
A0A804K9L7,0.5674471803672124,False
A0A804J702;A0A804J703,0.5672000321225259,False
A0A4S8JRK4;A0A4S8JRK4;A0A4S8K829;A0A4S8K829;A0A804KDI9,0.5670722126807295,False
A0A4S8JHS5;A0A4S8JHS5;A0A804JRV4,0.5660438808216937,False
A0A804HRA4,0.5660107825000001,False
A0A4S8J3U4;A0A4S8J3U4;A0A804L6B3,0.5657321181678225,False
A0A4S8J3J7;A0A4S8J3J7;A0A4S8K3Z4;A0A4S8K3Z4;A0A804K733;A0A804K734;A0A804K735;A0A804L4T0;A0A804L4T1;A0A804L4T2,0.5657088453351283,False
A0A804IST0,0.5657067325175716,False
A0A804KWX9,0.5653314815342073,False
A0A804IUK4,0.564948720305007,False
A0A4S8K1X8;A0A4S8K1X8;A0A804K410,0.5645794167020093,False
A0A804IIH4,0.5644529965116049,False
A0A4S8KAA9;A0A4S8KAA9;A0A804IM83,0.5638003324141996,False
A0A804L4T5;A0A804L4T7,0.5634121417987301,False
A0A804JG95,0.5633439018061153,False
A0A804IZ89,0.5632856711995474,False
A0A4S8JAU3;A0A4S8JAU3;A0A804IAY0,0.5627818848458965,False
A0A804I4J5,0.562546564516829,False
A0A4S8IVW2;A0A4S8IVW2,0.5622214571128924,False
A0A804KB28,0.5620880898412449,False
A0A4S8IRY2;A0A4S8IRY2,0.5620079244543812,False
A0A4S8JHX2;A0A4S8JHX2,0.5619344189314632,False
A0A4V4H8R8;A0A4V4H8R8;A0A804K441,0.5618245276686131,False
A0A4S8J1E9;A0A4S8J1E9;A0A804KTK8;A0A804KTK9,0.5616617213146378,False
A0A4S8JHT1;A0A4S8JHT1,0.561568684983208,False
A0A804HR13,0.5614864480402912,False
A0A4S8K3N9;A0A4S8K3N9;A0A804K6S7,0.5614419215576384,False
A0A804JLS6,0.5605802311051873,False
A0A804L1Q4,0.5598275096044866,False
A0A4S8IAV0;A0A4S8IAV0,0.5597939067865152,False
A0A804IFU2,0.5595855753141215,False
A0A4S8K8U7;A0A4S8K8U7;A0A804IJR7,0.5593399758074573,False
A0A804HWS0,0.5591682003868168,False
A0A804I8H6,0.5591381490317361,False
A0A4S8IE01;A0A4S8IE01;A0A4S8IJT9;A0A4S8IJT9;A0A4S8IL64;A0A4S8IL64;A0A804JDR2;A0A804KEQ2;A0A804KQ86,0.5591292326331772,False
A0A804L8M7,0.5586955311404963,False
A0A4S8JLM6;A0A4S8JLM6,0.5586909319100631,False
A0A4V6T4R7;A0A4V6T4R7;A0A804IPM7,0.5583041285396685,False
A0A804K4B6,0.5581297398429048,False
A0A804KVW5,0.5579944059552727,False
A0A804KC66,0.5572332875311992,False
A0A804J0I8,0.5569152280078228,False
A0A4S8K2D9;A0A4S8K2D9;A0A804K4M4,0.55691019931257,False
A0A804JLX9,0.5567823386036364,False
A0A4S8JLN5;A0A4S8JLN5;A0A804IGI7,0.5566496229513136,False
A0A4S8IG31;A0A4S8IG31;A0A804KJ89,0.556351597552761,False
A0A4S8IBW3;A0A4S8IBW3;A0A804I184,0.5562631124033015,False
A0A804KZ06;A0A804KZ07,0.5561052272759711,False
A0A4S8K7T4;A0A4S8K7T4;A0A804KCY9,0.555785726926981,False
A0A804ILW8;A0A804ILW9;A0A804ILX0,0.5554896916249538,False
A0A4S8JM81;A0A4S8JM81;A0A804HQC5,0.5554574164187375,False
A0A4S8I8G6;A0A4S8I8G6,0.555384123296414,False
A0A804IRR0,0.5549082525171322,False
A0A804JXD0,0.5546645222214324,False
A0A4S8IVA7;A0A4S8IVA7;A0A804KZN9,0.5544695727414397,False
A0A804J5B6,0.5543966755161812,False
A0A804JZA3,0.5542367298272495,False
A0A4S8IN92;A0A4S8IN92;A0A804JGY3;A0A804JGY4,0.5538961523381892,False
A0A804IQ44,0.5533899184086862,False
A0A804LA38,0.5533525200540312,False
A0A4S8JIL9;A0A4S8JIL9,0.553195399204178,False
A0A4S8K5L2;A0A4S8K5L2,0.5531570680832173,False
A0A4S8JYR2;A0A4S8JYR2;A0A804J8F6,0.5523589866568158,False
A0A4S8I7G6;A0A4S8I7G6;A0A804HXQ1,0.5519476047027777,False
A0A804L433;A0A804L434,0.551763626526005,False
A0A804L0F7,0.5516911164634638,False
A0A804IY27,0.551227437788478,False
A0A4S8IG15;A0A4S8IG15;A0A804KI21,0.5512002273332899,False
A0A4S8JBQ3;A0A4S8JBQ3;A0A804IET4,0.5510612473541004,False
A0A804KQY8;A0A804KQY9,0.5508980714583782,False
A0A4V4H4S7;A0A4V4H4S7;A0A804KWY1,0.5507768650341297,False
A0A4S8KAB6;A0A4S8KAB6;A0A804IMA6,0.5500254371581609,False
A0A804I4Y9,0.5498873606186117,False
A0A4S8K3J9;A0A4S8K3J9;A0A804K6F5,0.5494001782380729,False
A0A4S8IBV5;A0A4S8IBV5,0.5493880647761097,False
A0A4S8J4W3;A0A4S8J4W3;A0A804L9A6,0.5492824322671626,False
A0A804IPP7,0.5486846059544502,False
A0A4S8K5K0;A0A4S8K5K0,0.5485457878782736,False
A0A804I0P7,0.5481548082120442,False
A0A4V4H6T8;A0A4V4H6T8;A0A804JTE9,0.5479634272248209,False
A0A4S8JSZ2;A0A4S8JSZ2;A0A804IZQ7,0.5479143807247904,False
A0A804KN02,0.5472306167940855,False
A0A4S8ITA7;A0A4S8ITA7;A0A804JPX0,0.546555572281529,False
A0A804HRC6,0.5464838504309268,False
A0A4S8IXT8;A0A4S8IXT8;A0A804KWV2;A0A804KWV3,0.5463278543388728,False
A0A804JII2,0.5455161920253554,False
A0A4S8IP00;A0A4S8IP00;A0A4S8IYC1;A0A4S8IYC1;A0A804JGY5;A0A804KVZ7,0.5455123310648559,False
A0A804HUS5,0.5454895975875653,False
A0A804IB89,0.5454300273442232,False
A0A804JI86,0.5446488840783132,False
A0A804IFJ0;A0A804IKJ0,0.5445253075608975,False
A0A4S8K1C3;A0A4S8K1C3;A0A804K2Y0,0.5444361684616443,False
A0A804L0L7,0.5443273973301999,False
A0A804ISQ0,0.5439206454947233,False
A0A804IG58,0.5437313575476429,False
A0A4S8IMV3;A0A4S8IMV3;A0A804JGE7,0.5435811548037005,False
A0A4S8JJY5;A0A4S8JJY5,0.5433436953328011,False
A0A4S8J6G1;A0A4S8J6G1;A0A804I6T0,0.5430498629957695,False
A0A804JPC4,0.5429135869987266,False
A0A4S8JNS7;A0A4S8JNS7,0.5428787533644202,False
A0A804KR51,0.5424068098692084,False
A0A804KF32,0.5420942080296649,False
A0A4S8K3U5;A0A4S8K3U5;A0A804K6V9,0.5419576945968103,False
A0A804J912;A0A804J915,0.5418532589828093,False
A0A4S8ICS3;A0A4S8ICS3;A0A804I531,0.541850634886211,False
A0A804JRG7,0.5418085302253327,False
A0A804I589,0.541580765113277,False
A0A4S8JLA7;A0A4S8JLA7;A0A804IEY3,0.5414152742784769,False
A0A804L714,0.5412715843066982,False
A0A4S8JQ24;A0A4S8JQ24;A0A804HTI1,0.5412377446181236,False
A0A804IR30,0.5408836938559415,False
A0A4S8IBE0;A0A4S8IBE0;A0A4S8IK44;A0A4S8IK44;A0A4S8IUC8;A0A4S8IUC8;A0A804I491;A0A804I492;A0A804I493;A0A804JBU3;A0A804JBU4;A0A804L176;A0A804L178,0.5404578867454639,False
A0A804IM52,0.5402546013140348,False
A0A4S8JNE1;A0A4S8JNE1,0.5401605252966363,False
A0A4S8K3J1;A0A4S8K3J1;A0A804K6E7,0.5401571027076696,False
A0A4V4H841;A0A4V4H841;A0A804J139,0.5401440108189345,False
A0A804IXT0,0.5399186974721966,False
A0A4S8IU70;A0A4S8IU70;A0A804L1C9,0.5396106826038933,False
A0A4S8IHH3;A0A4S8IHH3;A0A804KLF3,0.539523867324926,False
A0A4S8JGH4;A0A4S8JGH4,0.5394014801177281,False
A0A804KQ38,0.538489276513099,False
A0A4S8JGJ7;A0A4S8JGJ7;A0A804JV13,0.5384818993042004,False
A0A4S8IUV5;A0A4S8IUV5;A0A804L090,0.5381038459459406,False
A0A4S8IJ41;A0A4S8IJ41;A0A804KQ73,0.5379431311938765,False
A0A4S8J406;A0A4S8J406;A0A804L7X6,0.5376036615253772,False
A0A804KHN9,0.5373403634589031,False
A0A4S8J6K4;A0A4S8J6K4;A0A804I709,0.5373154908272496,False
A0A4S8JQI6;A0A4S8JQI6;A0A804HTG9,0.5371207567820481,False
A0A804L2A2,0.5368664987960305,False
A0A4S8JNM3;A0A4S8JNM3,0.5366930390769591,False
A0A804JLX7,0.5366131246316155,False
A0A804HWV0;A0A804JCS2,0.5365341425861386,False
A0A4S8JCN1;A0A4S8JCN1;A0A804K0K3,0.5363343991314737,False
A0A804K6P4,0.5356543614914425,False
A0A4S8IK77;A0A4S8IK77;A0A804HXE6;A0A804HXE7;A0A804HXE8;A0A804JC58;A0A804JC59,0.5356019816975118,False
A0A804L431,0.5354471201848123,False
A0A804J3U3,0.5353750140468745,False
A0A4S8K6C3;A0A4S8K6C3;A0A804KAP7,0.5351696723968693,False
A0A804J1I1,0.5351638193857703,False
A0A804K2S8,0.5350846509921535,False
A0A804IX18,0.5347401639961323,False
A0A4S8KGP4;A0A4S8KGP4;A0A804IWW8;A0A804IWW9,0.5344491804139144,False
A0A4S8IJ32;A0A4S8IJ32;A0A804KQ53,0.534255335571758,False
A0A4S8ICJ3;A0A4S8ICJ3;A0A804I5X6,0.534213096865966,False
A0A4S8IWI7;A0A4S8IWI7;A0A804KXI6,0.5336585216975916,False
A0A804IBV0,0.5334897102958136,False
A0A804JT89,0.5333245510156558,False
A0A4S8JSC6;A0A4S8JSC6;A0A804HWV4,0.5331392239464235,False
A0A4S8J8U6;A0A4S8J8U6;A0A804IAM2,0.5331027813493567,False
A0A4S8IW76;A0A4S8IW76,0.5328086063752534,False
A0A4S8JNH8;A0A4S8JNH8;A0A804HP44,0.5327960032569401,False
A0A4S8IDC5;A0A4S8IDC5;A0A804KEY3,0.5323273951893751,False
A0A4S8IEC3;A0A4S8IEC3;A0A804KGN3,0.5317130665053018,False
A0A4S8K6T9;A0A4S8K6T9;A0A804HN74;A0A804KBD3,0.5314650890652207,False
A0A4S8IS91;A0A4S8IS91;A0A804JM06,0.531043789753388,False
A0A4S8JC57;A0A4S8JC57;A0A804K0L6,0.5309357811910865,False
A0A804KZF9,0.5308951329834181,False
A0A804JD54,0.530727481735067,False
A0A4S8IN75;A0A4S8IN75;A0A804JGL9,0.5306257811679781,False
A0A804K8W1,0.5303725563814133,False
A0A4S8J248;A0A4S8J248;A0A4S8JM85;A0A4S8JM85;A0A4S8K7F7;A0A4S8K7F7;A0A4S8K9I8;A0A4S8K9I8;A0A4S8K9Y8;A0A4S8K9Y8;A0A4S8KBB2;A0A4S8KBB2;A0A804IKX4;A0A804ILK7;M0RQ16,0.5300867111000901,False
A0A804L0T6,0.5293249178523005,False
A0A804KNQ2;A0A804KNQ6,0.5292758569150645,False
A0A804JZ48,0.5292005552582701,False
A0A804HQU1,0.5283652913642564,False
A0A4S8JNI7;A0A4S8JNI7;A0A804IF62;A0A804IF63,0.528312982385942,False
A0A4S8K8D4;A0A4S8K8D4;A0A804KDV2,0.5281982912887778,False
A0A4S8JDC3;A0A4S8JDC3,0.5280949305170743,False
A0A4S8JYY6;A0A4S8JYY6,0.5278262597587918,False
A0A804J4W6,0.52761096377411,False
A0A804KGV3,0.5275390518216951,False
A0A804KM75;A0A804KM77,0.5272327219880784,False
A0A804KNA3,0.5267755184839434,False
A0A804JQM2,0.5266685811074859,False
A0A804J6X5;A0A804J6X6,0.5262346316102761,False
A0A804JLD2,0.5261302955070973,False
A0A4S8JNH0;A0A4S8JNH0;A0A804HQT8,0.5255641179861147,False
A0A4V4H9M7;A0A4V4H9M7;A0A804IN09,0.5254716989016064,False
A0A804I715,0.524918867327069,False
A0A804KCP0,0.5248680717213104,False
A0A804ISN8,0.5248565425816767,False
A0A804IX89,0.5243406055026053,False
A0A804L8A4,0.5239853504549704,False
A0A4S8JR91;A0A4S8JR91,0.5239238588036896,False
A0A804L4M6;A0A804L4M7,0.5237681312885442,False
A0A804HM37,0.5236403560274107,False
A0A4V4H3C7;A0A4V4H3C7;A0A804U5Q9,0.5234136025408337,False
A0A4S8IYG3;A0A4S8IYG3;A0A804KUA7;A0A804KUA8,0.5233784012055543,False
A0A804KMG9,0.5233530072924009,False
A0A4S8J5G2;A0A4S8J5G2;A0A804L8P6;A0A804L8P7;A0A804L8P8,0.5233350583141773,False
A0A4S8J0F2;A0A4S8J0F2;A0A804KRF7,0.5233186029372101,False
A0A804KH02,0.5230987038344377,False
A0A4S8JB48;A0A4S8JB48,0.522270989519806,False
A0A804JNN9,0.5218708241768053,False
A0A804L1E9,0.521534215234411,False
A0A804J5G1,0.5214850994148117,False
A0A4S8IUR5;A0A4S8IUR5;A0A804JQ72,0.5213607303350746,False
A0A804L7F3;A0A804L7F4,0.5212138807216469,False
A0A4S8IJP3;A0A4S8IJP3;A0A4S8IL51;A0A4S8IL51;A0A4V6T3Z4;A0A4V6T3Z4;A0A804I3U9;A0A804JDJ8;A0A804KQ18,0.520625857180187,False
A0A4S8KGG9;A0A4S8KGG9;A0A804IW82,0.5199603094285279,False
A0A804HW19,0.5194140079214243,False
A0A4S8J359;A0A4S8J359;A0A804L6N6;A0A804L6N7,0.5193772754029772,False
A0A804KYI8,0.519346484543921,False
A0A804L494,0.5190089629059608,False
A0A804JL42,0.5189876933803308,False
A0A4S8IGK9;A0A4S8IGK9;A0A804KK52,0.5187584908816675,False
A0A804JHG6;A0A804L7P5;A0A804L942,0.5187272050271649,False
A0A804I3U5,0.5182037202960692,False
A0A4S8IJM7;A0A4S8IJM7;A0A804JB55,0.5181404796894523,False
A0A804JD97,0.5178485090131714,False
A0A804K5I2,0.5171218225000667,False
A0A4S8IXN0;A0A4S8IXN0;A0A804KVQ9,0.5170121552742499,False
A0A804K355,0.5168778463344348,False
A0A4S8IJ67;A0A4S8IJ67;A0A804KQG3,0.5168560781586236,False
A0A4S8IG42;A0A4S8IG42;A0A804KI69;A0A804KI70;A0A804KI71,0.5166916789246471,False
A0A804II57,0.5161072777950447,False
A0A804J9P7,0.5149026067209077,False
A0A804IN32,0.5145873417122789,False
A0A804KFM7,0.5144632761598268,False
A0A4S8K357;A0A4S8K357;A0A804K5U4,0.5143867405375768,False
A0A4S8KC29;A0A4S8KC29;A0A804IPT5,0.5141097513676381,False
A0A4V4H3P9;A0A4V4H3P9,0.5138723194833472,False
A0A4S8J6J2;A0A4S8J6J2;A0A804LAA4,0.5134769364766005,False
A0A804HPD7,0.5134059976856569,False
A0A804IUG7;A0A804IUG8;A0A804IUG9,0.5131492471632991,False
A0A804JWP2,0.5127648539412722,False
A0A804J8Q5;A0A804J8Q6,0.5120174882488815,False
A0A4S8JW14;A0A4S8JW14;A0A804J0F6,0.5119251739039106,False
A0A804KRV5,0.5117895586233261,False
A0A804IZ93,0.5115595267832538,False
A0A4S8IL82;A0A4S8IL82;A0A4S8IVL5;A0A4S8IVL5;A0A804JDP4;A0A804L0G7;A0A804L0G8,0.5114958406842315,False
A0A4S8J6F0;A0A4S8J6F0,0.5113167707143663,False
A0A804K9G7,0.5113025184033974,False
A0A804L849;A0A804L850,0.5110130853716353,False
A0A804KN20,0.5108394406161305,False
A0A4S8IBP1;A0A4S8IBP1;A0A804I3D1,0.5104785558899985,False
A0A4S8J499;A0A4S8J499;A0A804L891,0.5104446900419182,False
A0A4S8KFA8;A0A4S8KFA8;A0A804ITR1;A0A804ITR2;A0A804ITR3,0.5100914340304415,False
A0A4V4H9U3;A0A4V4H9U3;A0A804HMK4,0.5098865481498833,False
A0A804IQ93,0.5098673869326398,False
A0A804K4C2,0.5098622755096197,False
A0A804KEW9,0.5097084583169541,False
A0A4S8IPX0;A0A4S8IPX0;A0A804JJZ3,0.5096581075915102,False
A0A804IL83,0.5094848179872434,False
A0A4S8INS0;A0A4S8INS0;A0A804JHR6,0.5093958390394034,False
A0A4S8KC00;A0A4S8KC00;A0A804IPU0,0.509222222864683,False
A0A804J6Z0,0.5092155004770527,False
A0A4S8IXL2;A0A4S8IXL2;A0A804KVU6,0.5091846842941451,False
A0A4S8J6K0;A0A4S8J6K0,0.5091144441675799,False
A0A804IEA8;A0A804IEA9,0.5088821716303058,False
A0A804KTK0;A0A804KTK1,0.5086208509843823,False
A0A4S8K3W5;A0A4S8K3W5;A0A804K709;A0A804K710,0.5084082475664613,False
A0A804HXL0,0.5082665330457327,False
A0A4S8JC93;A0A4S8JC93;A0A804IBY5,0.5082479401490573,False
A0A4S8IJ10;A0A4S8IJ10;A0A804KQ33,0.5081037383086462,False
A0A4S8IP18;A0A4S8IP18;A0A804JG73,0.5076330662930606,False
A0A4V4H859;A0A4V4H859;A0A804J0A7;A0A804J0A8,0.5073560494320178,False
A0A4S8K9I4;A0A4S8K9I4;A0A804IKS1,0.507070241879925,False
A0A804IGY7,0.5070106426016436,False
A0A4V4H6C6;A0A4V4H6C6,0.506947754818065,False
A0A4S8IF08;A0A4S8IF08;A0A804KHP3;A0A804KP59,0.5069194631144134,False
A0A804IJL1,0.5067931961514763,False
A0A804I9V4,0.5066642076871866,False
A0A804JYQ5,0.5066640093694028,False
A0A804JUJ9,0.5065045618802732,False
A0A804KGR5,0.5058180824303082,False
A0A804IQH8,0.5057547242096503,False
A0A804K9B7,0.5057252429838203,False
A0A804K113;A0A804K114,0.5053532277695321,False
A0A804II93,0.5050353419979811,False
A0A4S8JZ83;A0A4S8JZ83;A0A804J986,0.5045831496601489,False
A0A804I9I6,0.5045390406972087,False
A0A804I9A2,0.5042737908757271,False
A0A4S8IWG0;A0A4S8IWG0;A0A804KXN2,0.5041460187589217,False
A0A4S8J4W0;A0A4S8J4W0;A0A804L7V2;A0A804L7V3,0.5039707379267455,False
A0A4S8IY33;A0A4S8IY33;A0A804KUZ3,0.5036328459537096,False
A0A804K511,0.5036205018832267,False
A0A4S8K693;A0A4S8K693,0.5031008442822934,False
A0A804KP89,0.502914634568813,False
A0A804KVZ9,0.5029056902919284,False
A0A4V4H7D1;A0A4V4H7D1;A0A804HQC8,0.5029014777951126,False
A0A4S8J4A2;A0A4S8J4A2,0.5026987648755806,False
A0A4V4H6U9;A0A4V4H6U9,0.5018358046101081,False
A0A804K9V3,0.501695669184777,False
A0A804L9R8,0.5016347393853174,False
A0A4S8J135;A0A4S8J135;A0A804L375,0.5016101319548597,False
A0A4S8JPU1;A0A4S8JPU1;A0A804HQJ2,0.5013719813223931,False
A0A4S8KDR6;A0A4S8KDR6;A0A804IS64,0.5013385257140534,False
A0A4S8JTB9;A0A4S8JTB9;A0A804J090,0.5012657000003867,False
A0A804L753,0.5008422963578839,False
A0A804LB94,0.500831976729915,False
A0A804L8P0,0.5007331810481128,False
A0A4S8IG50;A0A4S8IG50;A0A804KI82,0.500563049551568,False
A0A804KFD7,0.5005466947715596,False
A0A804KLE4,0.5001720048341455,False
A0A804IHX2,0.5000051458664679,False
A0A4S8IPW6;A0A4S8IPW6,0.4997803748546649,False
A0A804KH88,0.49960907946440936,False
A0A4S8JJ60;A0A4S8JJ60;A0A804III9,0.4994839806543126,False
A0A804JAZ6,0.4994107187287452,False
A0A804KDY6,0.4990603813322596,False
A0A4V4H8Y2;A0A4V4H8Y2;A0A804K6T4,0.49899558440668856,False
A0A4S8JF16;A0A4S8JF16;A0A804JW73,0.4988111487026723,False
A0A804ILB5,0.49854020529679144,False
A0A804KQR3,0.4979340448559316,False
A0A4S8J0M0;A0A4S8J0M0,0.49789354366437166,False
A0A804IYD3,0.4978819199812452,False
A0A804HUK4,0.4978706191444572,False
A0A4V4H2J9;A0A4V4H2J9,0.4977675004299512,False
A0A4V4H9L5;A0A4V4H9L5;A0A804IMI7,0.4977175067624687,False
A0A4S8I7E6;A0A4S8I7E6;A0A804V5Q3,0.4976314208615741,False
A0A804HT22,0.49742461210967154,False
A0A4S8KD62;A0A4S8KD62;A0A804IR25,0.4972073685511793,False
A0A804L9Q4,0.49713847794740273,False
A0A4S8JBK2;A0A4S8JBK2;A0A804ICV4,0.49693246866398144,False
A0A804HSD9,0.4964554382517776,False
A0A804JBZ7,0.49625882120304765,False
A0A804KVL5,0.4960969866952974,False
A0A4S8ITU3;A0A4S8ITU3;A0A804JLS8,0.4957621709059736,False
A0A804I0Q7,0.49562428938239844,False
A0A4V4H7J6;A0A4V4H7J6,0.4956008775590007,False
A0A804JZL6,0.49536010322217516,False
A0A4V4H4W0;A0A4V4H4W0,0.4945629696112341,False
A0A804HUI8,0.4945437275977906,False
A0A804LAV6,0.4943464362630518,False
A0A804JE37,0.4940739086559949,False
A0A804KW30,0.49349768780490394,False
A0A4S8KHH3;A0A4S8KHH3,0.49344104418081847,False
A0A4S8KB88;A0A4S8KB88;A0A804INM0;A0A804INM1,0.49241002884206586,False
A0A4S8JJK9;A0A4S8JJK9,0.49173724759301357,False
A0A804IJQ2,0.4916247630282636,False
A0A804ITF6,0.491320766147618,False
A0A804K8C9,0.4911363656260874,False
A0A4S8IX66;A0A4S8IX66,0.49083017092229264,False
A0A4S8JW24;A0A4S8JW24;A0A804IWZ8;A0A804J0F7;A0A804J0F8;A0A804JS92,0.4906295744297271,False
A0A4S8J3F7;A0A4S8J3F7;A0A804L748,0.4902617816086685,False
A0A804J9X0,0.4902311549311684,False
A0A804I0Z5,0.4902223435393942,False
A0A804I0E7,0.4900244848969274,False
A0A4S8IIM6;A0A4S8IIM6;A0A804KPK5,0.48999022295789396,False
A0A804IQZ8,0.48977646133886293,False
A0A804JKJ4,0.4896293798313552,False
A0A804L6T9,0.4895878961717334,False
A0A4S8JWG4;A0A4S8JWG4;A0A804J5D4,0.4895446240264241,False
A0A4S8JY67;A0A4S8JY67;A0A804J7Q2,0.48941417988160846,False
A0A804JPH7,0.4894106565152289,False
A0A804IQY3,0.4891007389389545,False
A0A4S8IQJ5;A0A4S8IQJ5;A0A804JIK5,0.48897615964537106,False
A0A804JNL7,0.4888497539030461,False
A0A804I5D9,0.4887051260860478,False
A0A4S8J788;A0A4S8J788;A0A804I803,0.4884449573380276,False
A0A4S8K466;A0A4S8K466,0.4883363571115296,False
A0A804K475,0.4879855989664113,False
A0A804JEG1,0.4875729051012357,False
A0A804IR93,0.48757053374502624,False
A0A4S8IEN9;A0A4S8IEN9;A0A804KFV3,0.487425267345166,False
A0A804JYG1,0.48703597811756905,False
A0A4S8JL68;A0A4S8JL68;A0A804IGF6,0.48669016276789506,False
A0A804HM80,0.4866129780809711,False
A0A804JH17,0.4866037318169841,False
A0A4S8J1N9;A0A4S8J1N9;A0A804K561;A0A804K562;A0A804L475,0.4865328615380873,False
A0A804HPV9,0.4865025922883576,False
A0A4S8I689;A0A4S8I689;A0A804I6P3,0.48616028380600135,False
A0A4S8INM4;A0A4S8INM4;A0A804JHK0,0.4861002349753981,False
A0A4S8JJG2;A0A4S8JJG2;A0A804JT81,0.48574099830179557,False
A0A804KMB5,0.4857364328539655,False
A0A4S8I8H5;A0A4S8I8H5,0.48546437376530926,False
A0A4S8IIN2;A0A4S8IIN2,0.48510014348919134,False
A0A4V6T4D1;A0A4V6T4D1;A0A804IE80;A0A804IE81;A0A804IE82;A0A804IE83,0.48494159973328216,False
A0A4S8KDD8;A0A4S8KDD8,0.48493032457642393,False
A0A804IPP1,0.4847966476132919,False
A0A804IXQ4,0.4842014905031184,False
A0A4S8K0A2;A0A4S8K0A2;A0A804JAU3,0.4839737613461099,False
A0A804JEJ4,0.4837391720241709,False
A0A804KQZ9,0.48336696408206054,False
A0A4S8JTI7;A0A4S8JTI7;A0A804J4B3;A0A804J4B4,0.4825903847124226,False
A0A804JQB8,0.48222649095591624,False
A0A4S8JF38;A0A4S8JF38;A0A804JW41,0.4820142569544131,False
A0A4S8JFH8;A0A4S8JFH8,0.4818413819660625,False
A0A4S8IBI0;A0A4S8IBI0;A0A804I2B4,0.4815128285315064,False
A0A804K095,0.48122033852273804,False
A0A804KP08,0.4807485503842228,False
A0A4S8J917;A0A4S8J917;A0A804I853;A0A804KIR6,0.48054752008134827,False
A0A804K629,0.48047578263186125,False
A0A4S8JJ81;A0A4S8JJ81;A0A804JQS9,0.48013918649254855,False
A0A804IVC8,0.4800218830539971,False
A0A804L5N6;A0A804L5N7,0.4799876184917739,False
A0A4S8JZU9;A0A4S8JZU9;A0A804JAB8,0.4798658680189009,False
A0A804K2U9,0.4795019586064949,False
A0A4S8IQZ2;A0A4S8IQZ2;A0A804JLA0,0.47943953763273933,False
A0A804JCG6,0.478988103314713,False
A0A804J5K4,0.478898502876804,False
A0A804K4G8,0.4788914162977486,False
A0A804KAL0,0.4787333206711933,False
A0A4S8JAI3;A0A4S8JAI3;A0A804ID12,0.4785739640212148,False
A0A804IB29;A0A804IB30,0.47847578162989995,False
A0A804IGB8,0.47821556468456555,False
A0A4S8IKQ7;A0A4S8IKQ7;A0A804JD20,0.478136867068227,False
A0A804HWR6,0.4780527724064932,False
A0A4S8JB71;A0A4S8JB71;A0A804IE77,0.4780294985652648,False
A0A4S8K0T8;A0A4S8K0T8,0.47757982566868257,False
A0A804IV96;A0A804IV97,0.47754703409279575,False
A0A4V4H624;A0A4V4H624;A0A804IBA7,0.4773695759263947,False
A0A804KS58,0.47714597368101375,False
A0A4S8JRF3;A0A4S8JRF3;A0A804HW35,0.4770868248848914,False
A0A804KF47,0.47680893340057334,False
A0A804K2Y7,0.47680587152995135,False
A0A804JDW8,0.47659607471598436,False
A0A804IDR2,0.47649069820661716,False
A0A804HY11,0.47642985146959677,False
A0A804K8E5,0.47641766573289773,False
A0A4S8I933;A0A4S8I933;A0A804I0I0;A0A804I0I1,0.4751391170497028,False
A0A804K4K5,0.4750778616178724,False
A0A804ICU6,0.4750523129777799,False
A0A4S8KIX4;A0A4S8KIX4;A0A804IZ25,0.4750086806035018,False
A0A804HZE9,0.4749679532329815,False
A0A4S8IXN6;A0A4S8IXN6;A0A804KVK8,0.47458716065542245,False
A0A4S8INY6;A0A4S8INY6;A0A804JHY1;A0A804JHY2;A0A804JHY3;A0A804JHY4;A0A804JHY5;A0A804K786,0.4743025012374856,False
A0A4S8JCW8;A0A4S8JCW8;A0A804JZQ5,0.47426686672245566,False
A0A804I6K2,0.47408003538444055,False
A0A4S8IB13;A0A4S8IB13,0.4740683109262212,False
A0A4S8J1S1;A0A4S8J1S1;A0A804L4B0,0.4737327530235475,False
A0A4S8IEA2;A0A4S8IEA2;A0A804KGD3,0.47370855218261176,False
A0A804IQR4,0.4736684993713579,False
A0A4S8J9H9;A0A4S8J9H9;A0A804IBF3,0.473571904727087,False
A0A804IQG1,0.4732336532955489,False
A0A4S8JM80;A0A4S8JM80,0.4731260462190843,False
A0A804JDY8,0.47289985505795346,False
A0A4S8JE39;A0A4S8JE39;A0A804JXH7;A0A804JXH8,0.47256050221075113,False
A0A804KMS8,0.47219254416888057,False
A0A4S8IFI7;A0A4S8IFI7;A0A4S8IMB2;A0A4S8IMB2;A0A804JFI5;A0A804KEL4;A0A804KXM2;A0A804KXM3,0.4721395670954655,False
A0A4S8J7F8;A0A4S8J7F8;A0A804I8C2,0.4720508568488876,False
A0A4S8K671;A0A4S8K671;A0A804KAD2,0.47186714478199354,False
A0A804IYA2,0.47185955146431724,False
A0A4S8J3X2;A0A4S8J3X2;A0A804L7J2,0.4717677608470674,False
A0A804IGA3,0.4712496407639601,False
A0A4S8K7G9;A0A4S8K7G9;A0A804KCF7,0.4707963261484073,False
A0A4V4H6U2;A0A4V4H6U2,0.4707005546218672,False
A0A4S8JBP0;A0A4S8JBP0;A0A804IEC5;A0A804IEC6,0.4704408645711009,False
A0A4S8JJE3;A0A4S8JJE3,0.4702240216227947,False
A0A804IDR3,0.4694784869738648,False
A0A4S8KF12;A0A4S8KF12,0.46935192115290875,False
A0A4S8JED3;A0A4S8JED3;A0A804JXD1,0.46911177482149197,False
A0A804L6Y4,0.46806994029522314,False
A0A4S8KGL5;A0A4S8KGL5;A0A804IWR0,0.467679900807307,False
A0A4S8K1S7;A0A4S8K1S7;A0A804K3S9,0.46730765329718116,False
A0A804I2Z2,0.4670318536530076,False
A0A4S8K2P1;A0A4S8K2P1,0.4669328527713914,False
A0A804IBA0,0.46675406519094076,False
A0A804ICI8;A0A804ICI9,0.4663822796406055,False
A0A804K1D4,0.46617073224972827,False
A0A804KLZ7,0.4660055564431407,False
A0A4S8JBS1;A0A4S8JBS1,0.4656985882085909,False
A0A804JJG8,0.4656299329998402,False
A0A4V4H2Y8;A0A4V4H2Y8;A0A804KFE5,0.465322623735505,False
A0A4V4H9A8;A0A4V4H9A8,0.4647954848032574,False
A0A4S8KHI2;A0A4S8KHI2;A0A804IXX6,0.46460476524504346,False
A0A804KMT8,0.464542675879103,False
A0A804HY90,0.4644641774685965,False
A0A804KKS5,0.46444257622422724,False
A0A804KF50,0.4638756089628907,False
A0A4S8I9V6;A0A4S8I9V6;A0A804I0B0,0.46361451639659207,False
A0A4S8J3Y4;A0A4S8J3Y4;A0A4S8J536;A0A4S8J536;A0A804L7W2;A0A804L9H8,0.46354917418174335,False
A0A4S8JM67;A0A4S8JM67;A0A804HQ89,0.4631811177342433,False
A0A4S8J508;A0A4S8J508;A0A804L822,0.46309925450944583,False
A0A4S8JWK2;A0A4S8JWK2;A0A804J575,0.4627178067387293,False
A0A804JBK5,0.4626277768640323,False
A0A804KP64;A0A804KP65;A0A804KP66;A0A804KP67,0.4625945904859661,False
A0A804JC55,0.46238019677136644,False
A0A4S8J389;A0A4S8J389;A0A804L5C2;A0A804L5C4,0.4621166753201713,False
A0A4S8INE6;A0A4S8INE6,0.46194528021751785,False
A0A804L745,0.46184435331903395,False
A0A4S8IX24;A0A4S8IX24,0.46183728878918334,False
A0A804L3F3,0.4617039879909876,False
A0A804IJC9,0.4613770301783358,False
A0A804JXQ1,0.46127407101233686,False
A0A4S8ICQ5;A0A4S8ICQ5;A0A804I4Z0,0.46110595492793305,False
A0A4S8K136;A0A4S8K136;A0A804K2I8,0.46079768331394677,False
A0A804JS59,0.4606336363736127,False
A0A804LA96,0.4605801075276435,False
A0A4S8JK27;A0A4S8JK27;A0A804IHE4,0.4597898841085865,False
A0A4S8IFD4;A0A4S8IFD4;A0A804KI76,0.4588390798149485,False
A0A804KNT9,0.4585145619802022,False
A0A804KA83,0.45807474614006555,False
A0A804J989,0.45790668710160054,False
A0A4S8JEF6;A0A4S8JEF6,0.4579042016033005,False
A0A4S8JA24;A0A4S8JA24;A0A804HN43,0.4577663198208458,False
A0A804KTZ9,0.4576345550369607,False
A0A4S8KEZ6;A0A4S8KEZ6,0.4574124121197614,False
A0A4S8JP08;A0A4S8JP08;A0A804HR19,0.45733914469913334,False
A0A4S8K9W1;A0A4S8K9W1;A0A4V4H740;A0A4V4H740;A0A804ILB4,0.45694650733391795,False
A0A804HM98,0.4568594364063649,False
A0A4S8IAH5;A0A4S8IAH5;A0A804I0J0,0.45650504178514417,False
A0A804KQB1,0.4564553084571585,False
A0A4S8JB76;A0A4S8JB76,0.45623808662114285,False
A0A4S8K642;A0A4S8K642,0.4561888737733634,False
A0A804L6C2,0.4561607171761353,False
A0A4S8JVJ3;A0A4S8JVJ3;A0A804J171;A0A804J172,0.4559156908534302,False
A0A804I0W3,0.4558406708305324,False
A0A804K9K8,0.45568796988990523,False
A0A4S8IG80;A0A4S8IG80;A0A4V6T460;A0A4V6T460;A0A804JPN8;A0A804KHH0,0.455306973196282,False
A0A4S8IQ14;A0A4S8IQ14,0.4549088213184059,False
A0A4V4HAB7;A0A4V4HAB7;A0A804IYE3;A0A804IYE4,0.4547340207024363,False
A0A804L8N4,0.45426141164427075,False
A0A4S8JXU4;A0A4S8JXU4;A0A804J747,0.4538339213363832,False
A0A4S8IRX3;A0A4S8IRX3;A0A804JMM6,0.45331488807642395,False
A0A804KW40,0.45313098135699315,False
A0A804L5U3,0.452878591682758,False
A0A4S8J6I2;A0A4S8J6I2;A0A804LA81,0.45246708508229727,False
A0A804HVZ5;A0A804HVZ6;A0A804HVZ7,0.45244594617554745,False
A0A4S8ISJ9;A0A4S8ISJ9;A0A4S8IZ85;A0A4S8IZ85;A0A804JNH3;A0A804JNH4;A0A804KG21;A0A804KG22;A0A804KG23;A0A804KSP6;A0A804KSP8,0.45231739049995423,False
A0A4S8JL95;A0A4S8JL95,0.45204487917138014,False
A0A4S8I8I8;A0A4S8I8I8;A0A4S8JQA0;A0A4S8JQA0;A0A804HRT1;A0A804HZN7,0.4518610264845351,False
A0A804IFW6,0.45169476946282455,False
A0A804KJJ1,0.4512272161154977,False
A0A4S8IJZ0;A0A4S8IJZ0;A0A804JBL4,0.4509388968580494,False
A0A804KML5,0.4506510663102087,False
A0A804HVC0,0.4504234346140257,False
A0A4S8I9M4;A0A4S8I9M4;A0A804HY46,0.4503824522133696,False
A0A804J7J0;A0A804J7J1;A0A804J7J4,0.4502851272681697,False
A0A4S8K8Z0;A0A4S8K8Z0;A0A804IK05,0.4499788702505007,False
A0A804L6U8,0.4494398937685987,False
A0A804JUP0,0.4494189911682977,False
A0A4S8INA5;A0A4S8INA5;A0A804JH02,0.4491869267913709,False
A0A4S8IPD6;A0A4S8IPD6,0.44896128321265144,False
A0A804K3Z0,0.44892794048039225,False
A0A4S8JK47;A0A4S8JK47,0.44891384902719156,False
A0A804KME4,0.44864329928129454,False
A0A804J875,0.44822228348101767,False
A0A804HP78,0.44806530108980186,False
A0A4S8JBZ2;A0A4S8JBZ2;A0A804ICH7;A0A804ICH8,0.4479202949575826,False
A0A804L7X8;A0A804L7X9,0.447473591556687,False
A0A4V4H736;A0A4V4H736;A0A804IHZ2,0.44737290517684114,False
A0A4S8JMH6;A0A4S8JMH6;A0A804IF29,0.44679545195865783,False
A0A804JS65,0.44628095105842847,False
A0A804IAZ9,0.44609449481542346,False
A0A4S8IIS1;A0A4S8IIS1;A0A804KPU1,0.4460178977063958,False
A0A4S8JT63;A0A4S8JT63;A0A804J009,0.44587902511242766,False
A0A804L453,0.4455639250674815,False
A0A804KAM3;A0A804KAM4,0.4455223204555468,False
A0A4S8JSQ0;A0A4S8JSQ0,0.445079443137065,False
A0A4S8J8A9;A0A4S8J8A9;A0A804I9P7,0.4443277794297129,False
A0A4S8K658;A0A4S8K658;A0A804KA81,0.4442798239902798,False
A0A4S8JSI7;A0A4S8JSI7;A0A804HXJ8,0.4440655547749778,False
A0A804J6G2,0.44311343196349734,False
A0A804ID69,0.4431058833422312,False
A0A804JDB5,0.4430939026486408,False
A0A4S8KD11;A0A4S8KD11;A0A804IQT0,0.44305071995949735,False
A0A804JB86;A0A804JB87,0.44278681893697014,False
A0A4S8JZN8;A0A4S8JZN8;A0A804JA46,0.4426199158305436,False
A0A804L8I7,0.4425725952178232,False
A0A804KM93,0.4422832887062968,False
A0A804IGP0,0.4422466238576208,False
A0A804J4C9,0.44162647490841705,False
A0A804KQV4,0.44159865649890007,False
A0A804JER0,0.44025288244994015,False
A0A804JM54,0.4402311942928892,False
A0A4S8IYH8;A0A4S8IYH8;A0A804KU74,0.43995429266020064,False
A0A4S8IBE4;A0A4S8IBE4,0.43995019203629965,False
A0A4V6T411;A0A4V6T411;A0A804KIF8,0.4399275918786707,False
A0A804JDQ3,0.4398359279283365,False
A0A804HX59,0.4395839829079066,False
A0A804IH70,0.4393298391338738,False
A0A4S8K5N2;A0A4S8K5N2,0.4391259206804073,False
A0A804IVW8,0.43865478872983416,False
A0A804HZW5,0.4383199691229792,False
A0A804J6X9,0.4381612132618271,False
A0A4S8JNA9;A0A4S8JNA9;A0A804HPW4,0.4378571342221682,False
A0A804L6I8,0.4376242767674246,False
A0A4S8K268;A0A4S8K268,0.43756649291420446,False
A0A804KUW2,0.43738829224790754,False
A0A804HM83,0.43709675915495433,False
A0A804JCA5,0.4368855635012181,False
A0A4S8JL03;A0A4S8JL03;A0A804IHM7,0.4354799659107232,False
A0A4S8J6F5;A0A4S8J6F5;A0A804I6S8,0.4354709329479481,False
A0A4S8I785;A0A4S8I785;A0A804HXX1,0.43525114940788207,False
A0A804IUA8,0.43522892633358207,False
A0A804IJ34,0.435199620933884,False
A0A804K841,0.43491409562161326,False
A0A4S8JXC1;A0A4S8JXC1;A0A804J6B8,0.4348576295257713,False
A0A804KGP5,0.4347617710665853,False
A0A804K273,0.4342971691027695,False
A0A4S8JQQ2;A0A4S8JQQ2,0.4331086337983957,False
A0A4S8J4N3;A0A4S8J4N3,0.4330372305706967,False
A0A4S8JPD6;A0A4S8JPD6;A0A804HTB5;A0A804HTB7,0.43302313498638667,False
A0A4S8J8F3;A0A4S8J8F3;A0A804I9R8,0.43284956285712556,False
A0A4S8IZ89;A0A4S8IZ89;A0A804KSR9,0.43252827614273887,False
A0A804IT47,0.4324946220101731,False
A0A4S8IC71;A0A4S8IC71;A0A4S8J2V7;A0A4S8J2V7;A0A804I5C3;A0A804L674,0.4320800324724111,False
A0A4V4H2U7;A0A4V4H2U7;A0A804I5I8;A0A804I5I9;A0A804I5J0,0.43169020406779396,False
A0A804IXP1,0.4315339584277846,False
A0A804KCC1,0.43153132196874755,False
A0A4S8K3J5;A0A4S8K3J5;A0A804K6C7,0.4315179398245206,False
A0A804K7Q4,0.4313080772883317,False
A0A4S8J939;A0A4S8J939,0.4302050541462396,False
A0A4S8JXV0;A0A4S8JXV0;A0A804J765,0.43016349789324004,False
A0A804K8V8,0.430144095566892,False
A0A4S8K5H9;A0A4S8K5H9;A0A804K9F3,0.43009773936805273,False
A0A804JF86,0.4297695449698612,False
A0A804KMT2,0.4294760509081339,False
A0A4S8K9E1;A0A4S8K9E1,0.42935644881441204,False
A0A804HRF1,0.4288455446861856,False
A0A804J1G1,0.4286639476900293,False
A0A804KIV1,0.42823752819276595,False
A0A804JQ14,0.4281705268484886,False
A0A4S8K2C2;A0A4S8K2C2,0.4279045242858179,False
A0A4S8JKA8;A0A4S8JKA8;A0A804JRS4,0.4274349322345865,False
A0A804IGV2,0.42740868142485744,False
A0A804KL69,0.427271056562072,False
A0A4S8IMY2;A0A4S8IMY2;A0A804JGF0;A0A804JGF1,0.4272072440389493,False
A0A804K5D5;A0A804K5D6,0.4268391174216622,False
A0A804JHG7,0.42669423152944813,False
A0A4S8IBV0;A0A4S8IBV0;A0A804I4W2,0.42656201452809633,False
A0A4S8K5H1;A0A4S8K5H1;A0A804K9E1,0.4263314234147595,False
A0A804JT13,0.42600952228748923,False
A0A4S8KBT0;A0A4S8KBT0,0.425757981608987,False
A0A804J893,0.4255722212121282,False
A0A4S8IK84;A0A4S8IK84,0.425539654323183,False
A0A4S8KBS2;A0A4S8KBS2;A0A804IPC8,0.42533216067590374,False
A0A4S8I9Z9;A0A4S8I9Z9,0.4246667955355236,False
A0A4S8KC96;A0A4S8KC96,0.4244601323697858,False
A0A4S8IQB2;A0A4S8IQB2;A0A804JJX0,0.42443994326189044,False
A0A804KZR0;A0A804KZR1;A0A804KZR2,0.4242717381724395,False
A0A4S8ID06;A0A4S8ID06;A0A804KEF1;A0A804KEF2,0.4239483802600845,False
A0A4S8JT28;A0A4S8JT28;A0A804IZW0,0.4239453931436774,False
A0A804JTX6,0.42387686217834114,False
A0A804J485,0.423824287055937,False
A0A4S8J1G2;A0A4S8J1G2,0.42379121574462447,False
A0A804I604,0.4235488185544078,False
A0A804JAY2,0.42350724353154456,False
A0A4S8JEE9;A0A4S8JEE9;A0A804JYU6,0.4230286260977524,False
A0A804KG04,0.4230087980892513,False
A0A804KI16,0.42251636643274976,False
A0A4S8IUU8;A0A4S8IUU8;A0A4S8JBJ2;A0A4S8JBJ2;A0A4S8JDY9;A0A4S8JDY9;A0A4S8JYP6;A0A4S8JYP6;A0A804IEI5;A0A804J8H0;A0A804JXM7;A0A804L1P9,0.42225314841179934,False
A0A804KXU5,0.4221110892444137,False
A0A804JKU1,0.4219219687343588,False
A0A4S8JJE6;A0A4S8JJE6;A0A804II50,0.4218462606158834,False
A0A804JI39,0.4210483218925542,False
A0A4V4H627;A0A4V4H627;A0A804IBG2,0.4207966515661014,False
A0A4S8I9Z7;A0A4S8I9Z7;A0A804I1Z8,0.420750401096604,False
A0A4S8IPP9;A0A4S8IPP9;A0A804JH85,0.4207116555299302,False
A0A4S8J280;A0A4S8J280;A0A804L535,0.42066862741068517,False
A0A804KIN1,0.41993679518365984,False
A0A4S8II33;A0A4S8II33,0.4190804867030537,False
A0A804K071,0.4184851692948589,False
A0A804KGQ9,0.41847407693534355,False
A0A4S8JEB1;A0A4S8JEB1;A0A804K039,0.41846036453237456,False
A0A4S8I7H1;A0A4S8I7H1;A0A804HXW0,0.4175387953441754,False
A0A4S8JA14;A0A4S8JA14,0.4174337048098517,False
A0A804HSR1,0.41739426937511903,False
A0A4S8I8A9;A0A4S8I8A9;A0A804HZD9,0.41638802549084764,False
A0A804IQ60,0.4163743685901038,False
A0A4S8JY75;A0A4S8JY75;A0A804J7P9,0.4162984283443698,False
A0A804J6V9,0.41613731508087304,False
A0A804KXZ5;A0A804KXZ6;A0A804KXZ7,0.4161145837711998,False
A0A4S8IRB2;A0A4S8IRB2;A0A804JLS4,0.4158803779940988,False
A0A4S8IV49;A0A4S8IV49;A0A4S8JIA0;A0A4S8JIA0;A0A804JV45;A0A804KZZ0,0.4154017495737885,False
A0A4S8IFA0;A0A4S8IFA0,0.41534976962448455,False
A0A4S8IGG8;A0A4S8IGG8;A0A804KJT2,0.41491242701846764,False
A0A804KN32,0.41462060871998774,False
A0A4S8K121;A0A4S8K121;A0A804K2K3,0.41390619406234763,False
A0A804JPI1,0.4137682908015281,False
A0A804IG30;A0A804IG31,0.41371194057932137,False
A0A804KP00,0.4134717526002879,False
A0A804J9U0,0.4134633577405665,False
A0A804JZ41,0.4133636067890416,False
A0A804IAW8,0.4129890235332932,False
A0A4S8I8F3;A0A4S8I8F3,0.41189692776690523,False
A0A804LBA8,0.4118949700926336,False
A0A804KC75,0.4112726268891754,False
A0A4S8IJ19;A0A4S8IJ19;A0A804KQ42,0.41122316990134145,False
A0A4S8KBV9;A0A4S8KBV9;A0A804IPI8,0.4109840816141494,False
A0A804KE64,0.4109455839060068,False
A0A4S8KI18;A0A4S8KI18;A0A804IZ49,0.41089497036235656,False
A0A804IZ05,0.41075445273067707,False
A0A4S8IVA4;A0A4S8IVA4,0.4104119466825107,False
A0A4S8JTI3;A0A4S8JTI3,0.41028445513345707,False
A0A4S8JBU5;A0A4S8JBU5;A0A804HNK3,0.41002873891822744,False
A0A804K7X5,0.40966567100646417,False
A0A4S8KH97;A0A4S8KH97;A0A804IXH3,0.40923386645617466,False
A0A804L1K0,0.4091755292008633,False
A0A4S8IRF2;A0A4S8IRF2;A0A804JHQ5;A0A804JLV6,0.40842482634377725,False
A0A4S8J1R6;A0A4S8J1R6;A0A804L4B5,0.40839759368880624,False
A0A4S8JHC2;A0A4S8JHC2,0.40839361198249796,False
A0A4S8I8G4;A0A4S8I8G4;A0A804HZJ0,0.4082856866377837,False
A0A4S8JAW7;A0A4S8JAW7,0.40750920691916953,False
A0A4S8JJ80;A0A4S8JJ80;A0A804IIH3,0.40733639385578846,False
A0A804ITT1,0.4067741029478247,False
A0A804I3P3,0.40641096960896134,False
A0A804K2D6,0.40582809257597724,False
A0A4S8IJZ7;A0A4S8IJZ7;A0A804JBS6,0.40543397677747395,False
A0A804I744,0.4053963711299153,False
A0A4V4H3D4;A0A4V4H3D4;A0A804KLN3,0.4048757831005093,False
A0A4S8K8Y9;A0A4S8K8Y9,0.4038815516442999,False
A0A4V4H8Q3;A0A4V4H8Q3;A0A804K3I7,0.40385061665435046,False
A0A4V4H7E5;A0A4V4H7E5;A0A804HQY6,0.40369469609996,False
A0A804JYT6;A0A804JYT7,0.40351847372542043,False
A0A804KWH9,0.4035158189214119,False
A0A4V4H9A9;A0A4V4H9A9;A0A804KC43,0.4034497584537671,False
A0A804JLJ4,0.40302924756297237,False
A0A4S8J472;A0A4S8J472;A0A804L5W9,0.4004162061985653,False
A0A804JTA4,0.40038881882821004,False
A0A804KG64,0.3994517925204166,False
A0A4S8J689;A0A4S8J689;A0A804L7L4,0.3993050615244381,False
A0A4S8J4I3;A0A4S8J4I3;A0A804L7B3,0.3987009247538176,False
A0A4S8IYW2;A0A4S8IYW2;A0A804KS96,0.398683198485219,False
A0A4S8ISI1;A0A4S8ISI1;A0A804JND9,0.3986497461815852,False
A0A4S8IK75;A0A4S8IK75;A0A804JC16,0.3973498774810318,False
A0A804HYC1,0.39669908496463063,False
A0A804J422,0.3966601284798445,False
A0A4V6T4C7;A0A4V6T4C7;A0A804ICQ0,0.3963175254487526,False
A0A804HZ05,0.39620285234253794,False
A0A804KN29,0.3960325122373032,False
A0A804HMC9,0.3959008597755197,False
A0A804JIL9,0.3958681492925217,False
A0A4S8K676;A0A4S8K676,0.39550515270746917,False
A0A804JGN6,0.39507361697941823,False
A0A804IYA3,0.3944084580033043,False
A0A804ITA3,0.3943538788339326,False
A0A4S8JGY7;A0A4S8JGY7,0.3940373246413205,False
A0A4S8IA70;A0A4S8IA70;A0A804I0U5,0.39379782560586685,False
A0A4S8K2N9;A0A4S8K2N9;A0A804K536,0.3933358796394487,False
A0A4S8K8A6;A0A4S8K8A6;A0A804KDQ9,0.3928995361136503,False
A0A4S8K8U6;A0A4S8K8U6;A0A804IJR3,0.39270275623116097,False
A0A804KJB2,0.39254270713333145,False
A0A4S8IDV9;A0A4S8IDV9;A0A804KFU7,0.39245201098505117,False
A0A804KH00,0.3922595455948103,False
A0A4S8JL35;A0A4S8JL35;A0A804IFL6,0.39161290325429754,False
A0A804KVI2,0.3908290025759062,False
A0A4S8JF14;A0A4S8JF14;A0A804JWM0,0.3900802081669608,False
A0A804IJM6,0.38972689516836995,False
A0A804IME0,0.38969880930510814,False
A0A4S8K4C9;A0A4S8K4C9;A0A804K7H3,0.38959568436113645,False
A0A804ICH2,0.38941231881787924,False
A0A804L7J8,0.388692205178995,False
A0A4S8IT73;A0A4S8IT73;A0A804JPM6,0.38855493420874854,False
A0A4S8IEL5;A0A4S8IEL5;A0A804KGX4,0.3882483080250612,False
A0A804J9J0,0.3881831466738783,False
A0A4S8J6V1;A0A4S8J6V1;A0A804I7G7,0.38803553475348085,False
A0A4S8J0M7;A0A4S8J0M7;A0A4S8J4C2;A0A4S8J4C2;A0A4V4H8Y0;A0A4V4H8Y0;A0A804K6U8;A0A804L2Q8;A0A804L8F4,0.3874768464612299,False
A0A804IQM2,0.38711068948956356,False
A0A804JUE7,0.3868955953236924,False
A0A804JGX0,0.3868735010532573,False
A0A804JZ60;A0A804JZ61,0.3868081966567843,False
A0A4S8J543;A0A4S8J543;A0A804L876,0.3866876944831702,False
A0A804I4J0,0.3864630869271334,False
A0A804LAA8,0.3863172590270289,False
A0A804I3B8;A0A804I3B9,0.38580093276723226,False
A0A804K4B4,0.3857928610417564,False
A0A804KP20,0.38563497981568867,False
A0A4S8KFA5;A0A4S8KFA5;A0A804IUJ0,0.38516449756968213,False
A0A4S8K215;A0A4S8K215;A0A804K425;A0A804K426,0.3849877427562271,False
A0A804HR41,0.38478300150252476,False
A0A804I5U4,0.38432235306324114,False
A0A804L0H1,0.38376834012577493,False
A0A804HZ66,0.38264786523296335,False
A0A4S8JZC5;A0A4S8JZC5;A0A804J9G1,0.3826350372940421,False
A0A804J1G0,0.381776814919144,False
A0A804L7X2,0.38160983316364094,False
A0A804KMI9,0.3814600582599988,False
A0A804IG47,0.3808963338937728,False
A0A804KN27,0.380743832624972,False
A0A804I1A4,0.3801690753229767,False
A0A804J345,0.38016887449182296,False
A0A804IG54,0.37966266180512676,False
A0A804I705,0.37896731135789824,False
A0A804KAF3,0.37894197783929146,False
A0A4S8KBS5;A0A4S8KBS5,0.37819052135970227,False
A0A4S8IL95;A0A4S8IL95;A0A804JCP7,0.37791356626501416,False
A0A4S8IJW3;A0A4S8IJW3;A0A4S8J4N5;A0A4S8J4N5;A0A804JBH1;A0A804L8Y3,0.3777858879207931,False
A0A804L3U7;A0A804L3U8,0.3777184571043602,False
A0A804I4A7,0.3775592750056056,False
A0A804J8H2,0.37690037134601867,False
A0A4S8JT81;A0A4S8JT81;A0A804J018,0.376470948965324,False
A0A804L803,0.3755971075336365,False
A0A4V4H3U1;A0A4V4H3U1;A0A804JF97,0.37512614036199804,False
A0A804K325,0.37389085166272934,False
A0A804IZ88,0.3735324200733612,False
A0A804HMN3,0.3733885845832182,False
A0A804I703,0.37279589756097686,False
A0A4V4H3D5;A0A4V4H3D5;A0A804KLI7,0.3725703639182521,False
A0A804I3G1,0.3725467042302223,False
A0A4S8I818;A0A4S8I818;A0A804HYX2,0.3723730095461708,False
A0A804HY47;A0A804HY48,0.37176295441153845,False
A0A804L3M8,0.3711582222300533,False
A0A4V4H7T4;A0A4V4H7T4,0.37110220536775335,False
A0A804KZM6,0.3709708103659392,False
A0A4V4H5M4;A0A4V4H5M4,0.3702754166098939,False
A0A4S8J886;A0A4S8J886;A0A804I9L2,0.3694277903536167,False
A0A804IPG6,0.3693883125543806,False
A0A804JD50,0.3689250714518554,False
A0A4S8IGT0;A0A4S8IGT0,0.3688534031204355,False
A0A4S8JAB9;A0A4S8JAB9;A0A804IB54,0.3674644092424908,False
A0A804HNT6,0.3674173508630339,False
A0A804JIH0,0.3672898445301257,False
A0A804KJD1,0.3668924563531107,False
A0A804J9C1;A0A804J9C2,0.3668814094446209,False
A0A4S8IMD0;A0A4S8IMD0;A0A804JFJ6;A0A804KXJ8;A0A804KXK3,0.3665879864047347,False
A0A804J8N6;A0A804J8N7,0.36655584378388145,False
A0A804I562,0.3663551789602094,False
A0A4S8JHV6;A0A4S8JHV6,0.3657594323969309,False
A0A4S8KA59;A0A4S8KA59;A0A804ILZ7,0.3657004495377091,False
A0A804KWR1,0.3653079290015702,False
A0A804JLW4,0.3644384081961561,False
A0A804JM43,0.3644172956342276,False
A0A4V4H9I1;A0A4V4H9I1;A0A804IKW2,0.36426504071520827,False
A0A4S8KGW7;A0A4S8KGW7,0.36423869514473545,False
A0A4S8IV93;A0A4S8IV93;A0A804JP29;A0A804JP30,0.36347643483910924,False
A0A4S8JLF6;A0A4S8JLF6,0.363469746248002,False
A0A804I4K9,0.36323051064857925,False
A0A4S8K3C6;A0A4S8K3C6;A0A804K638,0.3630582044274309,False
A0A4S8J6Y5;A0A4S8J6Y5;A0A804I7M5,0.3630523109999676,False
A0A4S8JNS1;A0A4S8JNS1;A0A804HSD0;A0A804HSD1;A0A804HSD2;A0A804HSD3;A0A804HSD6,0.3624320303773685,False
A0A4S8J3W7;A0A4S8J3W7,0.3624161779762838,False
A0A4S8K9R6;A0A4S8K9R6;A0A804IL43,0.3619760157999933,False
A0A4S8KGW9;A0A4S8KGW9;A0A804IW85;A0A804IW86;A0A804IW87;A0A804IW88,0.3618764964294832,False
A0A804JDI8,0.36141674952973935,False
A0A4S8I8Y6;A0A4S8I8Y6;A0A804I0B2,0.3613457947681296,False
A0A804HXA5,0.361095312717333,False
A0A804HQA3,0.3607663442397516,False
A0A4S8JBR0;A0A4S8JBR0;A0A804IEF1;A0A804IEF2,0.360673136345959,False
A0A4S8JGP1;A0A4S8JGP1;A0A804JTP1,0.36062299724567354,False
A0A804JI52;A0A804JI53,0.35974123432700644,False
A0A804IH44,0.3596499111637906,False
A0A4S8IB80;A0A4S8IB80;A0A804I3X4,0.35925592522259375,False
A0A804K6T7,0.3590750056986085,False
A0A804KLG5;A0A804KLG6,0.3587257305933576,False
A0A4S8IZJ7;A0A4S8IZJ7,0.3581909933074273,False
A0A804HYN0,0.35746999114456346,False
A0A4S8K7A6;A0A4S8K7A6,0.3566132421837561,False
A0A804J3Y6,0.35655582259628765,False
A0A4S8JG52;A0A4S8JG52;A0A804JUZ7;A0A804JUZ8,0.3561677811594145,False
A0A804IJB4,0.35491433504590036,False
A0A4S8KGC5;A0A4S8KGC5;A0A804IW21,0.35448984922752413,False
A0A804I4S9,0.35444013821525305,False
A0A4S8JYU1;A0A4S8JYU1;A0A804J8L6,0.3533744535122088,False
A0A804HX06,0.35329620357783104,False
A0A4S8JIX5;A0A4S8JIX5;A0A804IIY7,0.3523253981916364,False
A0A4S8K458;A0A4S8K458;A0A804K7J6,0.35230441796074374,False
A0A804KGU2,0.35161179610259935,False
A0A804ICE3,0.3501975483108343,False
A0A4S8JMD4;A0A4S8JMD4;A0A804IH62,0.3500368253853096,False
A0A804K768,0.3497703087772116,False
A0A804L7I8,0.3494293845389785,False
A0A804I464,0.349252549223335,False
A0A804IT51,0.3492523717945246,False
A0A4V4H395;A0A4V4H395;A0A804KJV0,0.3491715202018874,False
A0A804ITM5,0.34914358095707876,False
A0A4S8I6S3;A0A4S8I6S3,0.34874953671944037,False
A0A804HS00,0.34858351539895893,False
A0A804JC51,0.3467267822052061,False
A0A4S8J880;A0A4S8J880;A0A804I9G2;A0A804I9G3,0.34575567503830673,False
A0A4S8IFT9;A0A4S8IFT9,0.3453412122187521,False
A0A4S8IEU2;A0A4S8IEU2;A0A804I5W4;A0A804I5W5,0.3452239112925384,False
A0A804J482,0.34458209839136883,False
A0A804K2E3,0.34443674254607565,False
A0A804KMW3,0.3440824344943237,False
A0A804JCR1,0.34399947091321453,False
A0A804JBT9,0.34331197175357064,False
A0A4S8ILP0;A0A4S8ILP0;A0A804JEL1,0.3432214070703577,False
A0A4S8IQG8;A0A4S8IQG8;A0A804JK57,0.3430331033801892,False
A0A4S8JTD0;A0A4S8JTD0;A0A804J4I9;A0A804J4J0,0.34282806169717933,False
A0A804HRZ5,0.34249831491482835,False
A0A804JKX7;A0A804JKX8,0.3422101956275186,False
A0A804IZ09,0.3422059077312242,False
A0A4V4H4G8;A0A4V4H4G8;A0A804L287,0.3420760629512139,False
A0A804IDU0,0.3418826605950231,False
A0A4S8JYB9;A0A4S8JYB9;A0A804J7V4,0.34168753988118666,False
A0A4S8KD09;A0A4S8KD09;A0A804IQY2,0.34158122672044605,False
A0A4S8J5G0;A0A4S8J5G0;A0A804L9Z8,0.34114370321049325,False
A0A804JHJ1,0.3408016787343217,False
A0A804KFZ6,0.3406016066925343,False
A0A4S8JXB6;A0A4S8JXB6,0.34056077902943555,False
A0A804KL91,0.3404697391107243,False
A0A804KYR8,0.34035714191114796,False
A0A4S8J0P6;A0A4S8J0P6;A0A804L2T1,0.33983859461128185,False
A0A804JV39,0.3395949842612356,False
A0A4S8IC36;A0A4S8IC36;A0A804I3Z9,0.33898844066590933,False
A0A4S8K089;A0A4S8K089;A0A804K1B4,0.33851345012626993,False
A0A804J2E6,0.3384850941596804,False
A0A804KIY8,0.3379152570140034,False
A0A804JKI8,0.3375509794062324,False
A0A804HY50,0.3362614935420323,False
A0A4S8INU3;A0A4S8INU3;A0A4S8IY39;A0A4S8IY39;A0A4S8IY71;A0A4S8IY71;A0A4S8IY99;A0A4S8IY99;A0A804JHX0;A0A804KUU2;A0A804KUU4;A0A804KUU5,0.33606936131059856,False
A0A804HR18,0.3359901126291817,False
A0A4S8JMP2;A0A4S8JMP2;A0A804IFX6,0.335955138422551,False
A0A4S8IG86;A0A4S8IG86,0.33572095390488577,False
A0A804L359,0.33506750115452943,False
A0A804JBJ4,0.3346785919337082,False
A0A804I8Q7,0.3346604060651625,False
A0A804L0S3,0.33423678518762356,False
A0A804J4A0,0.3338389763607043,False
A0A804JY19,0.33290885541047627,False
A0A4S8IYE5;A0A4S8IYE5;A0A804KUM7,0.33148496441093733,False
A0A4S8IB95;A0A4S8IB95,0.3314054769662368,False
A0A4V4H2M9;A0A4V4H2M9;A0A804I2L7,0.33099724004934633,False
A0A804J507,0.33012967363656187,False
A0A4S8JTA3;A0A4S8JTA3;A0A804J082,0.3294063154128838,False
A0A804IF69;A0A804IF70,0.32922776893693995,False
A0A4S8JHH0;A0A4S8JHH0,0.32916569333594686,False
A0A804KBP6,0.32875694319792204,False
A0A4S8I7E7;A0A4S8I7E7;A0A804HY16,0.32862943784486315,False
A0A804IYT3,0.32805235366115904,False
A0A804KYE6,0.3277846942201862,False
A0A804IMR8,0.32692901021219845,False
A0A804IM56;A0A804IM57,0.3264793787984872,False
A0A804IHG7,0.32626441311204113,False
A0A4S8K0X9;A0A4S8K0X9;A0A804K2A8,0.32624217382565696,False
A0A4S8IIS8;A0A4S8IIS8;A0A804KPQ1,0.3262256214187906,False
A0A804K3D2,0.325012641255987,False
A0A4S8IMZ2;A0A4S8IMZ2;A0A804JGJ0,0.32479906194778585,False
A0A804KAQ7,0.3246866446764677,False
A0A4S8JWE8;A0A4S8JWE8;A0A804J5D7,0.32465703451315464,False
A0A4S8JNL5;A0A4S8JNL5;A0A804IF24,0.3239914428542541,False
A0A4S8J6H4;A0A4S8J6H4;A0A804L973,0.3231646041761649,False
A0A804KI59,0.3227636638082519,False
A0A804KT41,0.32082699974922746,False
A0A4S8K560;A0A4S8K560;A0A804K8U2,0.32049148299211827,False
A0A804K266,0.3204484026222791,False
A0A804JE07,0.3202359120590488,False
A0A4S8JAE7;A0A4S8JAE7;A0A804HLU3,0.3202132030292535,False
A0A804L1M4,0.31999618159682586,False
A0A804HYA7;A0A804HYA8;A0A804HYA9,0.31875772732938196,False
A0A804JZF7,0.318341183397116,False
A0A804JCK1,0.3181851132372899,False
A0A804KYE7,0.31770650052481864,False
A0A804J443,0.3175126874668255,False
A0A4S8K233;A0A4S8K233,0.31684799317934575,False
A0A4S8IWB1;A0A4S8IWB1;A0A4S8JDU8;A0A4S8JDU8;A0A4S8K4E2;A0A4S8K4E2;A0A4V4H4R3;A0A4V4H4R3;A0A804HNB7;A0A804JXV6;A0A804KXX0;A0A804L202,0.316030727974032,False
A0A4S8KFP1;A0A4S8KFP1;A0A804IV43,0.31577271780198496,False
A0A804LB69,0.31551898532046574,False
A0A4S8J2T9;A0A4S8J2T9;A0A804L645,0.31537517580862495,False
A0A804JGZ8,0.3149313177947364,False
A0A4S8II99;A0A4S8II99;A0A804IZC4;A0A804KP16,0.3137709191992482,False
A0A804IV47,0.31285370464137535,False
A0A4S8K6T2;A0A4S8K6T2,0.312816270023955,False
A0A804L0P3,0.3127900180617381,False
A0A804L9W3,0.3125113423420945,False
A0A804KS81,0.31189634150662426,False
A0A804J249,0.31130564015515944,False
A0A804J3N7,0.31038562800078834,False
A0A804J951,0.3102815966368958,False
A0A804JW22,0.3102335883349407,False
A0A804HM08,0.3094118945998122,False
A0A804HP16,0.3088523152305983,False
A0A804II80,0.30814329062833395,False
A0A804LBC6,0.30746505621106507,False
A0A804HYE2,0.30731465518605444,False
A0A4S8IUQ6;A0A4S8IUQ6,0.3072931470112608,False
A0A804I0H5,0.3070370770690938,False
A0A804IWV7,0.30663850091247175,False
A0A4S8IGR9;A0A4S8IGR9;A0A804KKD7,0.30655752353109983,False
A0A804JAA3;A0A804JAA4,0.30638039930754135,False
A0A4S8K062;A0A4S8K062;A0A804JAM2,0.3063220460837564,False
A0A804IM31,0.30528327299335584,False
A0A4S8IZS7;A0A4S8IZS7;A0A4S8J9M2;A0A4S8J9M2;A0A4V4H6R9;A0A4V4H6R9;A0A804I5G7;A0A804I806;A0A804JUD1;A0A804KW56,0.3052292508939535,False
A0A804IWK6,0.30514314731117237,False
A0A4S8ILC0;A0A4S8ILC0;A0A804JDV2,0.3038915927913767,False
A0A804KPG5,0.30355312862748374,False
A0A804HWE8,0.30341237565009255,False
A0A804J2A0,0.30148051457826686,False
A0A804HUF0,0.30084539945672156,False
A0A4S8J5A6;A0A4S8J5A6,0.29965636049221034,False
A0A804J452,0.299485434698146,False
A0A804L8F1,0.2992973733879559,False
A0A4S8JPV8;A0A4S8JPV8;A0A804HU44,0.2977046041068198,False
A0A804IIZ5,0.29757055458023124,False
A0A804J9I2;A0A804J9I3,0.29733073969026824,False
A0A4S8I8M1;A0A4S8I8M1;A0A804HZT5,0.2968557608218162,False
A0A4S8IC83;A0A4S8IC83;A0A804I5C4,0.29682080421581036,False
A0A4S8IEU6;A0A4S8IEU6,0.29625017664123615,False
A0A4S8JXX6;A0A4S8JXX6;A0A4S8K2Z4;A0A4S8K2Z4;A0A804J7B9;A0A804J7C0;A0A804K5J8;A0A804L3Q0,0.29615287857107503,False
A0A4S8JDE6;A0A4S8JDE6;A0A804IDR8,0.29528360842996515,False
A0A804KC70,0.29513091339652864,False
A0A804IZJ2,0.2946812302247404,False
A0A804J6V0,0.29423121681026315,False
A0A804L0I6,0.29417934036230825,False
A0A804J292,0.2935063537367567,False
A0A804JDK5,0.2931852678650751,False
A0A4S8JUK0;A0A4S8JUK0,0.29032650530199805,False
A0A804U5N8,0.28962770195686915,False
A0A804KCE9,0.28958332538905923,False
A0A4S8K249;A0A4S8K249;A0A804K492,0.28952131380010243,False
A0A4S8I855;A0A4S8I855;A0A804HYQ6,0.28921583415436947,False
A0A4V4H3E1;A0A4V4H3E1,0.28892414203096173,False
A0A4S8JKS4;A0A4S8JKS4,0.2872306644870154,False
A0A804HXM7;A0A804HXM8,0.28632272285740734,False
A0A804I0H0,0.2861546503584026,False
A0A804JRM1,0.2858583919588847,False
A0A4V4H7M9;A0A4V4H7M9;A0A804HV25,0.2856318440633122,False
A0A4S8KDS2;A0A4S8KDS2;A0A804IS29;A0A804IS30,0.285243388620746,False
A0A4S8IBK1;A0A4S8IBK1;A0A804I4F7,0.28522857819985814,False
A0A804JZK8,0.28492966777382306,False
A0A4S8JQ49;A0A4S8JQ49;A0A804HT64,0.2847921902792146,False
A0A4S8IBC2;A0A4S8IBC2;A0A804I401,0.28428160045095263,False
A0A4S8IIN6;A0A4S8IIN6,0.28409635242121806,False
A0A804JWA4,0.2837681059086206,False
A0A804J6K4,0.28365538081563624,False
A0A4S8IJD7;A0A4S8IJD7;A0A804KQT1,0.28236037307502365,False
A0A804K009,0.2820445396975122,False
A0A4S8JFB5;A0A4S8JFB5;A0A804JZJ4,0.2809022778375093,False
A0A4S8IE00;A0A4S8IE00;A0A804I677,0.28064285507943165,False
A0A804K470,0.28041493509719345,False
A0A4S8IV34;A0A4S8IV34;A0A804KZX2,0.2802532488068256,False
A0A804KQ22,0.28003163413993454,False
A0A4V4H5H2;A0A4V4H5H2;A0A804L7K9,0.2795383070065367,False
A0A804INP2,0.27923102992463467,False
A0A4S8JG77;A0A4S8JG77;A0A804JUV2,0.27900526258611563,False
A0A4S8JT19;A0A4S8JT19,0.2788297841598505,False
A0A4S8IXG7;A0A4S8IXG7;A0A4S8J5T4;A0A4S8J5T4;A0A4S8JAU4;A0A4S8JAU4;A0A804IDN3;A0A804KVX7;A0A804LAU1;A0A804LAU2;A0A804LAU3,0.27772015339162526,False
A0A4S8K3Z8;A0A4S8K3Z8;A0A804K7J4;A0A804K7J5,0.2773733064108949,False
A0A4S8JQE6;A0A4S8JQE6;A0A804HSB9,0.27704625924268644,False
A0A804HQ58,0.2767496542729371,False
A0A804KGW0,0.2766335878438988,False
A0A804KT35,0.2760853675122905,False
A0A4S8J1E6;A0A4S8J1E6,0.2760200465722418,False
A0A4S8JBH2;A0A4S8JBH2;A0A804HLW5;A0A804HLW6,0.2756726654888293,False
A0A4S8JJR9;A0A4S8JJR9;A0A804JRU7,0.2756274477591464,False
A0A804I2H3;A0A804I2H4,0.2754375162858052,False
A0A4S8IIZ6;A0A4S8IIZ6;A0A804KQ14,0.2746485384780423,False
A0A4S8K2P5;A0A4S8K2P5,0.274352577468561,False
A0A804I7N6,0.27402256436118166,False
A0A804K650,0.2734804844741743,False
A0A4S8IAN3;A0A4S8IAN3;A0A804I351,0.27280231332804383,False
A0A4S8K8V2;A0A4S8K8V2,0.2717563035208695,False
A0A804JD48;A0A804JD49,0.27040970238679757,False
A0A4S8I972;A0A4S8I972;A0A804I0C1,0.2698956297170193,False
A0A4S8II48;A0A4S8II48,0.2697955820808735,False
A0A804IPU3,0.26933057405940597,False
A0A804I1P6,0.26806953048776155,False
A0A804K085,0.26802857475776914,False
A0A4S8J3Q2;A0A4S8J3Q2;A0A804L7I6,0.2670155050880531,False
A0A804IP67,0.26697108484380727,False
A0A804I2E2;A0A804IA48;A0A804IDU3;A0A804IK79;A0A804IN50;A0A804J1Z1;A0A804JEN6;A0A804JXK0;A0A804KG49;A0A804KKE1;A0A804KVL7;A0A804L1L1;A0A804L708,0.26694548283223224,False
A0A804HLT1,0.2660564018415343,False
A0A4S8IWT2;A0A4S8IWT2;A0A804KX39,0.2653934061179263,False
A0A804K590,0.2644810368623773,False
A0A804HUR8,0.2640956156461337,False
A0A4S8JL55;A0A4S8JL55;A0A804JQE8,0.2637187743076964,False
A0A804K5B2,0.26347877083796367,False
A0A4S8JJ07;A0A4S8JJ07;A0A804JR52,0.26326820964097775,False
A0A804J6A2;A0A804J6A3,0.2622261513638493,False
A0A4S8K9G2;A0A4S8K9G2,0.2618564946693198,False
A0A804ICK7;A0A804ICK8;A0A804ICK9,0.2616213422190602,False
A0A804IU32,0.2613425798912706,False
A0A4S8JYW9;A0A4S8JYW9,0.26092833922066105,False
A0A804JZN2,0.2608880428579047,False
A0A4S8IA95;A0A4S8IA95;A0A804I283,0.2606096434160117,False
A0A4S8IKS9;A0A4S8IKS9;A0A804JCS3,0.2594591329409289,False
A0A804IMT4,0.25939722958300226,False
A0A804JH22,0.2584592296701117,False
A0A804J6N3,0.25752510158937714,False
A0A804JGY2,0.2573986729726829,False
A0A4S8IM16;A0A4S8IM16;A0A804JDV8,0.25648751760133176,False
A0A804HQC6,0.25509682074288675,False
A0A804I0F4,0.2550327708746017,False
A0A4S8JF73;A0A4S8JF73;A0A804JVZ9,0.25422016003910985,False
A0A804L516;A0A804L517,0.2541897580254517,False
A0A4S8JMY4;A0A4S8JMY4;A0A804HPZ7,0.254081616496904,False
A0A4S8J7W4;A0A4S8J7W4;A0A804I907,0.25340702839081597,False
A0A804KXD6,0.2526200784333255,False
A0A804IUC7,0.2518966672248374,False
A0A804KEV6;A0A804KEV7,0.25013962767956854,False
A0A4S8IL47;A0A4S8IL47;A0A804JDN7,0.24966280004310223,False
A0A4S8J2S8;A0A4S8J2S8,0.2491552451160427,False
A0A804J5A9,0.24908128921911668,False
A0A4S8IZR1;A0A4S8IZR1;A0A804KTR5,0.2488763409806353,False
A0A804I2N9;A0A804I2P0,0.2485159152929555,False
A0A4S8K617;A0A4S8K617,0.24829450134213749,False
A0A804KXU6,0.24695090833975922,False
A0A4S8K6C6;A0A4S8K6C6;A0A804KAS0,0.24691746524731162,False
A0A804U5Q3,0.2460674079227542,False
A0A804K1M4,0.24552411915659017,False
A0A804JDE7,0.24526890502397738,False
A0A4S8I9J6;A0A4S8I9J6;A0A804I180,0.24455131037113273,False
A0A4S8JJI8;A0A4S8JJI8,0.24395007725609613,False
A0A804JP58,0.24391920549706214,False
A0A804KU87,0.24390741514498113,False
A0A804JN51,0.24351250008954697,False
A0A804KD55;A0A804KD56,0.24298291639853384,False
A0A804KJW1,0.24197195102288854,False
A0A804JRU1,0.24171969197786916,False
A0A4S8K433;A0A4S8K433,0.24113920663313435,False
A0A4S8KAQ1;A0A4S8KAQ1,0.2409304661350499,False
A0A4S8JJI4;A0A4S8JJI4;A0A804IIF5,0.24060829079565774,False
A0A4V4H428;A0A4V4H428;A0A804KLU8,0.24004882803824087,False
A0A804I2V2,0.23890370623787405,False
A0A4S8J3H5;A0A4S8J3H5;A0A804L772,0.23853082782449128,False
A0A4V4H4E2;A0A4V4H4E2;A0A804JPL4,0.2383085886416802,False
A0A4S8JFT6;A0A4S8JFT6,0.23738264031935322,False
A0A4V4H2Y6;A0A4V4H2Y6;A0A804KEU6,0.23736283055914606,False
A0A4S8IJR5;A0A4S8IJR5;A0A804JBB1,0.236902026224685,False
A0A804IKK5;A0A804IKK6,0.23599928942596962,False
A0A804ISW9,0.23584945770225635,False
A0A4S8IF14;A0A4S8IF14;A0A4S8IVC2;A0A4S8IVC2;A0A804JP68;A0A804KFJ4,0.23521264546913795,False
A0A804IMF9,0.2348156571548439,False
A0A4S8IWM3;A0A4S8IWM3,0.23460825368360927,False
A0A4S8JTR5;A0A4S8JTR5;A0A4S8JWA8;A0A4S8JWA8;A0A4S8KDL3;A0A4S8KDL3;A0A4S8KGK6;A0A4S8KGK6;A0A804IRZ1;A0A804IWP7;A0A804J3T9;A0A804J4S3,0.23441878701827262,False
A0A804U5L9,0.23427457188921433,False
A0A4S8J1Q1;A0A4S8J1Q1;A0A804L4A5,0.23364990687362217,False
A0A4S8KD00;A0A4S8KD00;A0A804IQW8,0.2335638100499233,False
A0A804IMU0,0.2330554759169597,False
A0A804L5T0,0.2318074756495049,False
A0A804JK79,0.2317435738074641,False
A0A804KNK4;A0A804KNK5,0.22958708504282652,False
A0A804HPI0,0.22951737499572475,False
A0A804JMS6,0.22932907453111537,False
A0A804J2N3,0.22870696704156007,False
A0A4S8IQ34;A0A4S8IQ34,0.228406407652418,False
A0A4S8K006;A0A4S8K006;A0A804JAK0,0.2270056744602603,False
A0A804JY20,0.22671863426385802,False
A0A804KJV6,0.22656530205072983,False
A0A4S8K7V1;A0A4S8K7V1;A0A804KD39,0.22586272307165445,False
A0A4S8K1C2;A0A4S8K1C2;A0A804K329,0.2253893729964419,False
A0A4S8KCN0;A0A4S8KCN0;A0A804IQ75,0.22530515744496668,False
A0A4S8IF86;A0A4S8IF86;A0A4S8ISH3;A0A4S8ISH3;A0A804JNP1;A0A804KFX7,0.22480024544989147,False
A0A804KLK1,0.22462665745473778,False
A0A4S8IFN5;A0A4S8IFN5;A0A804KIM3,0.2245245994636601,False
A0A4S8KE53;A0A4S8KE53;A0A804ISP8,0.2245159690230828,False
A0A4S8JT99;A0A4S8JT99,0.22361207359355825,False
A0A4S8IID4;A0A4S8IID4;A0A804KLK0,0.22278092419925202,False
A0A804KHA0,0.2219954599188954,False
A0A4S8IHU3;A0A4S8IHU3;A0A4S8JHJ6;A0A4S8JHJ6;A0A4S8JRA4;A0A4S8JRA4;A0A804HVN5;A0A804JSA3;A0A804KJV9,0.22111849037327375,False
A0A4S8K6N2;A0A4S8K6N2,0.2209774625881132,False
A0A4S8ID93;A0A4S8ID93;A0A804I522,0.21923219659067678,False
A0A4S8K4Q0;A0A4S8K4Q0;A0A804K843,0.21624461357890276,False
A0A4S8K5I6;A0A4S8K5I6;A0A804K9E2,0.2162062394043725,False
A0A804I3H6,0.21604233091200944,False
A0A4S8IBQ4;A0A4S8IBQ4,0.21524168669154672,False
A0A804L168,0.213692759302118,False
A0A804JRP9,0.21352966097535325,False
A0A804JL41,0.21309786455876722,False
A0A4S8JZH4;A0A4S8JZH4,0.21304947163984797,False
A0A4S8J749;A0A4S8J749,0.2127614489752078,False
A0A804J617,0.21230816952560694,False
A0A804KH06,0.2115114121445837,False
A0A804KIN8,0.21021717504487514,False
A0A804J0S9,0.21003860634601804,False
A0A804KGF6,0.20874166043324477,False
A0A804I4I5,0.20870217280092937,False
A0A4S8K6M0;A0A4S8K6M0;A0A804KB49,0.20794918305256607,False
A0A4S8K343;A0A4S8K343,0.20689227691948556,False
A0A4S8IIN7;A0A4S8IIN7,0.20595951207191873,False
A0A4S8IDY6;A0A4S8IDY6,0.20501476532414706,False
A0A4S8JIP8;A0A4S8JIP8;A0A804JTL0,0.20453770943290864,False
A0A804KY83,0.20444428496554454,False
A0A804IAY4,0.20376141183673618,False
A0A804JZW8,0.20370343415472983,False
A0A804JT08,0.20358376480081436,False
A0A804J919,0.20226675334568633,False
A0A4V4H2N8;A0A4V4H2N8;A0A804I318,0.20213141471260915,False
A0A4S8I320;A0A4S8I320,0.2018463296995465,False
A0A4V6T4S9;A0A4V6T4S9;A0A804IU13,0.20165316496120092,False
A0A4S8JC98;A0A4S8JC98;A0A804ICU7,0.20124054974882052,False
A0A4S8J9B7;A0A4S8J9B7,0.1998757424946885,False
A0A4S8J245;A0A4S8J245;A0A804L4X2,0.19914796087857586,False
A0A4V4H9Y5;A0A4V4H9Y5;A0A804ISH7;A0A804IXQ0,0.19885135179686528,False
A0A4S8JMR4;A0A4S8JMR4;A0A804HQK6,0.1986838225103656,False
A0A4S8K540;A0A4S8K540;A0A804K8U9,0.19854823781369607,False
A0A804L5M2,0.19851393356792005,False
A0A4S8IWF2;A0A4S8IWF2,0.19840340384135607,False
A0A4V4H769;A0A4V4H769;A0A804IG53,0.19770374795466897,False
A0A4S8K1S0;A0A4S8K1S0,0.19722676806166511,False
A0A4S8IJC7;A0A4S8IJC7;A0A804KKH7,0.1966692226541005,False
A0A4S8JU02;A0A4S8JU02;A0A804J3H1,0.19650896222143227,False
A0A804KYN5,0.19556745485967458,False
A0A804ILM9,0.19500042287946634,False
A0A4V6T4E2;A0A4V6T4E2;A0A804JXL3,0.19474665526836737,False
A0A4S8IJD3;A0A4S8IJD3;A0A4V6T426;A0A4V6T426;A0A804KQQ2;A0A804KQQ3,0.19474289096163963,False
A0A4S8JQX0;A0A4S8JQX0;A0A804HV05,0.194148274627236,False
A0A804L194,0.19406961715867327,False
A0A4S8IJE3;A0A4S8IJE3;A0A804KPK6,0.19213390625343624,False
A0A4V4H6A5;A0A4V4H6A5;A0A804IEQ8,0.1920312185121982,False
A0A4S8JEI1;A0A4S8JEI1;A0A804HLZ7,0.19156109104985183,False
A0A4S8J598;A0A4S8J598,0.19086279186502206,False
A0A804HSY5,0.1903150645637615,False
A0A4S8JMF3;A0A4S8JMF3;A0A804IH36,0.19025103387510967,False
A0A4S8J0G7;A0A4S8J0G7,0.18882088272381647,False
A0A4S8IJ76;A0A4S8IJ76;A0A4S8IP77;A0A4S8IP77;A0A804JII1;A0A804KQE2,0.18868603326156919,False
A0A4S8JUU7;A0A4S8JUU7,0.188601899522575,False
A0A804J8L7,0.18826296809822737,False
A0A804HM87,0.18823961184484728,False
A0A4V4H449;A0A4V4H449;A0A804JJU2,0.1881438896671744,False
A0A4S8JVH5;A0A4S8JVH5;A0A804J197,0.18773624375821857,False
A0A4S8KD46;A0A4S8KD46,0.18612995092977977,False
A0A804L3P4,0.1857309740790973,False
A0A804JTJ7,0.1846750966583166,False
A0A4S8JLW7;A0A4S8JLW7,0.18466181402075382,False
A0A804K9M1,0.18450009003223206,False
A0A4S8JBR6;A0A4S8JBR6;A0A804HNN7,0.18346029395246058,False
A0A804KVX5,0.18272378085654184,False
A0A804KKA3,0.18236773822725058,False
A0A4S8JUM4;A0A4S8JUM4;A0A804J2H4,0.1822731840164252,False
A0A4S8IHT9;A0A4S8IHT9,0.18186237658646653,False
A0A804L625,0.18085427629543785,False
A0A804IG98,0.18076409710049213,False
A0A4S8IDF9;A0A4S8IDF9;A0A4S8IFY7;A0A4S8IFY7;A0A4S8J8K6;A0A4S8J8K6;A0A4V4H4S1;A0A4V4H4S1;A0A4V6T438;A0A4V6T438;A0A804I659;A0A804I660;A0A804I7H6;A0A804I7H7;A0A804I7H8;A0A804I7H9;A0A804JFR3;A0A804KJ81;A0A804KJ82;A0A804KJ83;A0A804KJ84;A0A804KXB7;A0A804KXB8;A0A804L5T7;A0A804L5T8,0.18065157550746055,False
A0A804HRC7;A0A804I762,0.18047450889521452,False
A0A804IHB7,0.17994624469342238,False
A0A804K013,0.17979132630709807,False
A0A804L1N3;A0A804L1N4,0.17878641935115838,False
A0A4S8J716;A0A4S8J716,0.17872671326925663,False
A0A804JHE3,0.17769540253848143,False
A0A4S8KAY3;A0A4S8KAY3;A0A4V4H9S2;A0A4V4H9S2;A0A804IN80;A0A804IQ11,0.1764511526511544,False
A0A804J215,0.17530860431418005,False
A0A804IMW4,0.17490098443106053,False
A0A4S8IE05;A0A4S8IE05;A0A804KG77,0.17295423780330665,False
A0A804IUB7,0.1710613157982787,False
A0A4S8IB12;A0A4S8IB12;A0A804I2B6,0.17090557232170783,False
A0A804I759,0.17070875626008344,False
A0A804I751,0.16924389382527658,False
A0A804KQ44,0.1691995327822138,False
A0A804J9T0,0.1691481779492038,False
A0A4V4H2T2;A0A4V4H2T2;A0A804I501,0.16876222694488002,False
A0A804I0E2;A0A804JM13,0.16806044349090624,False
A0A4S8ISA9;A0A4S8ISA9;A0A804JM39;A0A804JM40,0.1679380555902942,False
A0A4S8KAN0;A0A4S8KAN0;A0A804IML9;A0A804IMM1;A0A804IMM3,0.16776716372085232,False
A0A804KR38,0.16608679471479101,False
A0A4S8ITK3;A0A4S8ITK3;A0A804L2I5,0.16605282111474134,False
A0A804J8P6,0.16321626640971487,False
A0A4S8IFP8;A0A4S8IFP8;A0A804KHJ4;A0A804KHJ6,0.16164371150401452,False
A0A804HUP1,0.160909985202029,False
A0A4S8IA31;A0A4S8IA31;A0A4V4HAA2;A0A4V4HAA2;A0A804I275;A0A804IXQ6,0.15856498966869878,False
A0A4S8KF54;A0A4S8KF54;A0A804IUA9,0.15818071940510384,False
A0A4S8J066;A0A4S8J066;A0A804KRT1,0.15663999646580437,False
A0A804HQT4,0.1565771120685352,False
A0A804JK40,0.15211258619158483,False
A0A4S8KFT1;A0A4S8KFT1;A0A804IV86,0.14975683721319796,False
A0A4V4H3R7;A0A4V4H3R7;A0A804JE65;A0A804JHZ8,0.1480357392934322,False
A0A804J6Y4;A0A804J6Y5,0.14562026793595045,False
A0A804K1M6,0.14492490318801377,False
A0A4S8IM89;A0A4S8IM89;A0A804JFB3,0.14322798992677463,False
A0A804J6G4,0.14310032207106638,False
A0A804ISA1,0.14146672160765503,False
A0A4S8IZ62;A0A4S8IZ62;A0A804KSE0;A0A804KSE1,0.14100085112342295,False
A0A4S8KHY0;A0A4S8KHY0;A0A804IYX8,0.14065017013212028,False
A0A4S8JTL7;A0A4S8JTL7,0.14051932780813023,False
A0A4S8JKX0;A0A4S8JKX0;A0A804IFY2,0.13909450322811326,False
A0A804KQ29,0.13807733941209985,False
A0A804KNE7,0.13577312700909572,False
A0A4S8J5B0;A0A4S8J5B0;A0A804L9U6,0.13321131474468326,False
A0A4S8JFF2;A0A4S8JFF2;A0A804JVM1,0.1328511422113209,False
A0A4S8J1A7;A0A4S8J1A7,0.13133383113623537,False
A0A4S8ILI6;A0A4S8ILI6;A0A804JD35,0.13034710339328784,False
A0A804I0K1,0.12976565111712351,False
A0A4S8K513;A0A4S8K513;A0A804K8J7,0.1291556215397819,False
A0A804L5H9,0.1288194810094483,False
A0A4S8IH02;A0A4S8IH02;A0A804KIR7,0.12855825518697303,False
A0A804IMN1,0.12641153128877558,False
A0A804J5B4,0.12487775951632066,False
A0A4S8J9U1;A0A4S8J9U1;A0A804I8A6,0.12366041889926815,False
A0A804U663,0.12069169437019572,False
A0A4S8IUT9;A0A4S8IUT9,0.12065820390679266,False
A0A804I9N4,0.1198883907746825,False
A0A4S8JX50;A0A4S8JX50,0.11866967010829386,False
A0A804KDW4,0.11817525765721293,False
A0A4S8I8Y5;A0A4S8I8Y5;A0A804I063,0.1179926538559146,False
A0A4S8KEW5;A0A4S8KEW5;A0A804ITS9,0.11740015397800721,False
A0A804KZ60,0.11683963114563534,False
A0A4V4H2X5;A0A4V4H2X5,0.11515844519869824,False
A0A804IS11,0.1134325434993587,False
A0A4S8K080;A0A4S8K080;A0A804K199,0.10998833011813704,False
A0A804JSI1,0.10986798457439581,False
A0A804HTW9,0.10850754494912121,False
A0A804IKB2,0.10802344077860906,False
A0A4S8IB37;A0A4S8IB37,0.1075516331032196,False
A0A804IKG8,0.1047538369412498,False
A0A804I903;A0A804I904;A0A804I905;A0A804I906,0.10347279558459221,False
A0A804LB74,0.10339336412060715,False
A0A4S8K3P9;A0A4S8K3P9;A0A804K6R6,0.09914506241564923,False
A0A4S8KEP7;A0A4S8KEP7,0.09583745926113503,False
A0A804IEF7,0.09246564329677065,False
A0A4S8IAT0;A0A4S8IAT0;A0A4S8ITA0;A0A4S8ITA0;A0A4S8K1D1;A0A4S8K1D1;A0A4S8KGZ3;A0A4S8KGZ3;A0A4V4H334;A0A4V4H334;A0A804I362;A0A804IX49;A0A804K332;A0A804KHJ0,0.09243390583733042,False
A0A804I2A4,0.09046245910988765,False
A0A804JWR4,0.09019961894679233,False
A0A4S8KBR3;A0A4S8KBR3,0.08942392225989287,False
A0A804L8R8,0.08833621768131088,False
A0A4V4H7S2;A0A4V4H7S2,0.08635834726081355,False
A0A804K3I0,0.0834624921533177,False
A0A4S8J642;A0A4S8J642,0.0777199714946565,False
A0A804KGC9,0.07671016278513197,False
A0A804L779,0.07461718769852523,False
A0A4V4H6A0;A0A4V4H6A0;A0A804HNU5;A0A804HNU6,0.07350565067601314,False
A0A4S8JXI9;A0A4S8JXI9;A0A804J6N6;A0A804J6N7;A0A804J6N8,0.07059603982790386,False
A0A804KMZ6,0.06994033423824253,False
A0A804K5X0,0.06988777012115001,False
A0A4S8IMA5;A0A4S8IMA5,0.06880454281337048,False
A0A4S8K4R4;A0A4S8K4R4,0.06815769486412204,False
A0A4S8J6J7;A0A4S8J6J7;A0A4S8JZ91;A0A4S8JZ91;A0A4S8K712;A0A4S8K712;A0A4V4H9D6;A0A4V4H9D6;A0A804IFP3;A0A804J9H1;A0A804KBP3;A0A804KBP4;A0A804KDW2;A0A804KDW3;A0A804LBL2,0.06738454633961344,False
A0A4S8IJR6;A0A4S8IJR6;A0A804JBF2,0.06509091888051961,False
A0A4S8IZF2;A0A4S8IZF2;A0A804KUA0,0.062092695988157066,False
A0A4V6T4Q8;A0A4V6T4Q8;A0A804IKY9,0.06037318845084932,False
A0A804ID00,0.05698082669828876,False
A0A804J113,0.05584539639251675,False
A0A4S8JCV1;A0A4S8JCV1,0.05584081222585068,False
A0A804IDW3,0.05491588925451636,False
A0A804IKR7;A0A804IKR8,0.053318555510455015,False
A0A4S8IZ03;A0A4S8IZ03;A0A804JHT1;A0A804KV05;A0A804KV06,0.05246797465102275,False
A0A804IHP2,0.04871516742932626,False
A0A4S8KEB4;A0A4S8KEB4,0.04827609098314483,False
A0A804HRA5,0.047840149057648114,False
A0A4S8JWZ7;A0A4S8JWZ7;A0A804J5T0,0.047409640543644355,False
A0A4S8ILX1;A0A4S8ILX1;A0A804JEL8,0.044836085287077776,False
A0A4S8IDP7;A0A4S8IDP7;A0A804KFJ3,0.042023743516339064,False
A0A4S8JDQ4;A0A4S8JDQ4;A0A804JYC8,0.04077525385185142,False
