PC,Variance_Explained,Cumulative_Variance
PC1,65.09316131494593,65.09316131494593
PC2,23.907117956601663,89.0002792715476
PC3,5.016942361443577,94.01722163299118
PC4,1.752032891431897,95.76925452442308
PC5,1.1236252355796452,96.89287976000273
