PC,Variance_Explained,Cumulative_Variance
PC1,81.24739755654745,81.24739755654745
PC2,15.652448917137333,96.89984647368479
PC3,1.2403475190426994,98.14019399272749
PC4,0.7824551282528615,98.92264912098035
PC5,0.3558807352803601,99.27852985626072
