PC,Variance_Explained,Cumulative_Variance
PC1,48.26806175802297,48.26806175802297
PC2,45.356977541733634,93.6250392997566
PC3,3.7311770290075907,97.35621632876419
PC4,1.0408215691162306,98.39703789788042
PC5,0.8298708014481576,99.22690869932858
